-- /mysql/createUser.sql:
-- Usuários para infra:
drop user if exists 'infra'@'localhost';
create user 'infra'@'localhost' identified by 'infra';
grant all privileges on grupo4.* to 'infra'@'localhost';

-- Usuários para ambiente de desenvolvimento:
drop user if exists 'grupo4-infra-dev'@'localhost';
create user 'grupo4-infra-dev'@'localhost' identified by 'infra';
grant all privileges on grupo4.* to 'grupo4-infra-dev'@'localhost';

-- Usuários para ambiente de homologação:
drop user if exists 'grupo4-infra-hml'@'localhost';
create user 'grupo4-infra-hml'@'localhost' identified by 'infra';
grant all privileges on grupo4.* to 'grupo4-infra-hml'@'localhost';

-- Usuários para ambiente de produção:
drop user if exists 'grupo4-infra-prd'@'localhost';
create user 'grupo4-infra-prd'@'localhost' identified by 'infra';
grant all privileges on grupo4.* to 'grupo4-infra-prd'@'localhost';



-- /mysql/createDatabase.sql:
drop database if exists `grupo4`;
create database if not exists `grupo4`;

use `grupo4`;

-- tabela de cargos:
create table `role`(
  `id` int not null primary key auto_increment,
  `is_active` tinyint not null default 1,
  `created_at` datetime not null default current_timestamp,
  `updated_at` datetime not null default current_timestamp on update current_timestamp,

  `name` varchar(80) not null,
  `description` varchar(255)
);

-- tabela de usuários:
create table `user`(
	`id` int not null primary key auto_increment,
  `is_active` tinyint not null default 1,
  `created_at` datetime not null default current_timestamp,
  `updated_at` datetime not null default current_timestamp on update current_timestamp,
  
  `name` varchar(80) not null,
  `email` varchar(80) not null,
  `cpf` char(11),
  `phone` char(11),
  `cep` char(8),

  `fk_role` int not null,

  constraint `user_fk_role` foreign key (`fk_role`) references `role`(`id`)
);

-- tabela de disponibilidade:
create table `availability`(
  `id` int not null primary key auto_increment,
  `created_at` datetime not null default current_timestamp,
  `updated_at` datetime not null default current_timestamp on update current_timestamp,

  `is_available` tinyint not null default 1,
  `start_datetime` datetime not null,
  `end_datetime` datetime not null,

  `fk_employee` int not null,

  constraint `availability_check_datetime` check (`start_datetime` < `end_datetime`),

  constraint `availability_fk_employee` foreign key (`fk_employee`) references `user`(`id`)
);

-- tabela de tipo de pagamento:
create table `payment_type`(
  `id` int not null primary key auto_increment,
  `is_active` tinyint not null default 1,
  `created_at` datetime not null default current_timestamp,
  `updated_at` datetime not null default current_timestamp on update current_timestamp,

  `name` varchar(80) not null,
  `description` varchar(255)
);

-- tabela de categoria:
create table `category`(
  `id` int not null primary key auto_increment,
  `is_active` tinyint not null default 1,
  `created_at` datetime not null default current_timestamp,
  `updated_at` datetime not null default current_timestamp on update current_timestamp,

  `name` varchar(80) not null,
  `description` varchar(255)
);

-- tabela de serviços:
create table `service`(
  `id` int not null primary key auto_increment,
  `is_active` tinyint not null default 1,
  `created_at` datetime not null default current_timestamp,
  `updated_at` datetime not null default current_timestamp on update current_timestamp,

  `name` varchar(80) not null,
  `base_price` decimal(5,2) not null,
  `base_duration` int not null,
  `description` varchar(255),
  `image` varchar(255),

  `fk_category` int not null,

  constraint `service_fk_category` foreign key (`fk_category`) references `category`(`id`)
);

-- tabela de agendamentos:
create table `schedule` (
  `id` int not null primary key auto_increment,
  `created_at` datetime not null default current_timestamp,
  `updated_at` datetime not null default current_timestamp on update current_timestamp,

  `status` enum('ACTIVE', 'COMPLETED', 'CANCELED') not null,
  `appointment_datetime` datetime not null,
  `duration` int,
  `transaction_hash` varchar(255),

  `fk_client` int not null,
  `fk_employee` int not null,
  `fk_payment_type` int,

  constraint `schedule_fk_client` foreign key (`fk_client`) references `user`(`id`),
  constraint `schedule_fk_employee` foreign key (`fk_employee`) references `user`(`id`),
  constraint `schedule_fk_payment_type` foreign key (`fk_payment_type`) references `payment_type`(`id`)
);

-- tabela de serviços por agendamento:
create table `schedule_item`(
  `id` int not null auto_increment,
  `created_at` datetime not null default current_timestamp,
  `updated_at` datetime not null default current_timestamp on update current_timestamp,

  `final_price` decimal(5,2) not null,
  `discount` decimal(5,2) not null default 0,

  `fk_schedule` int not null,
  `fk_service` int not null,

  constraint `pk_schedule_item` primary key (`id`, `fk_schedule`, `fk_service`),
  constraint `schedule_item_fk_schedule` foreign key (`fk_schedule`) references `schedule`(`id`),
  constraint `schedule_item_fk_service` foreign key (`fk_service`) references `service`(`id`)
);

-- tabela de feedbacks:
create table `feedback` (
  `id` int not null primary key auto_increment,
  `created_at` datetime not null default current_timestamp,
  `updated_at` datetime not null default current_timestamp on update current_timestamp,

  `rating` int not null,
  `comment` varchar(255),

  `fk_schedule` int not null,

  constraint `feedback_fk_schedule` foreign key (`fk_schedule`) references `schedule`(`id`)
);



-- /mysql/inserts.mysql:
-- /mysql/inserts.mysql:
insert into role (`name`, `description`) values ("Administrador", "Administrador do sistema.");
insert into role (`name`, `description`) values ("Cliente", "Cliente do salão.");
insert into role (`name`, `description`) values ("Funcionário", "Funcionário do salão.");

insert into payment_type (`name`,`description`) values ('Crédito', 'Pagamento via cartão de crédito');
insert into payment_type (`name`,`description`) values ('Débito', 'Pagamento via cartão de débito');
insert into payment_type (`name`,`description`) values ('Pix', 'Pagamento instantâneo via Pix');
insert into payment_type (`name`,`description`) values ('Dinheiro', 'Pagamento em espécie');

insert into category (`name`, `description`) values ('Cabelo', 'Serviços relacionados a cortes, tinturas e tratamentos capilares');
insert into category (`name`, `description`) values ('Estética', 'Serviços de estética e cuidados com a pele');
insert into category (`name`, `description`) values ('Unhas', 'Serviços de manicure e pedicure');

insert into service (`name`, `base_price`, `base_duration`, `description`, `image`, `fk_category`) values
('Corte de cabelo feminino', 80.00, 60, 'Corte estilizado para mulheres', 'corte-de-cabelo.jpg', 1),
('Limpeza de pele', 120.00, 90, 'Tratamento de pele facial completo', 'limpeza-simples.jpg', 2),
('Manicure simples', 40.00, 45, 'Corte, lixamento e esmaltação básica para as mãos', 'manicure-simples.jpg', 3),
('Pedicure simples', 50.00, 45, 'Corte, lixamento e esmaltação básica para os pés', 'pedicure.jpg', 3),
('Unhas de gel', 80.00, 45, 'Serviço de unhas de gel para mão e pé', 'unha-gel.jpg', 3);

insert into user (`name`, `email`, `cpf`, `phone`, `cep`, `fk_role`) values
    ('João Silva', 'joao.silva@email.com', '12345678901', '11999999999', '01001000', 3),
    ('Maria Souza', 'maria.souza@email.com', '98765432100', '11988888888', '02020000', 2),
    ('Carlos Pereira', 'carlos.pereira@email.com', '45612378900', '11977777777', '03030000', 3),
    ('Ana Oliveira', 'ana.oliveira@email.com', '78945612300', '11966666666', '04040000', 3),
    ('Admin Master', 'beautybarreto01@gmail.com', '11122233344', '11955555555', '05050000', 1),
    ('Ana Paula', 'ana.paula@gmail.com', '10433218100', '11990000822', '10007404', 2),
    ('Bruno Costa', 'bruno.costa@gmail.com', '96001338914', '11990000959', '10008638', 2),
    ('Carla Fernandes', 'carla.fernandes@gmail.com', '08386379499', '11990001096', '10009872', 2),
    ('Diego Lima', 'diego.lima@gmail.com', '02654235114', '11990001233', '10011106', 2),
    ('Elaine Martins', 'elaine.martins@gmail.com', '16155940789', '11990001370', '10012340', 2),
    ('Felipe Souza', 'felipe.souza@gmail.com', '81618495950', '11990001507', '10013574', 2),
    ('Gabriela Rocha', 'gabriela.rocha@gmail.com', '31034131656', '11990001644', '10014808', 2),
    ('Heitor Alves', 'heitor.alves@gmail.com', '47525534144', '11990001781', '10016042', 2),
    ('Isabela Nunes', 'isabela.nunes@gmail.com', '92832764851', '11990001918', '10017276', 2),
    ('João Pedro', 'joao.pedro@gmail.com', '35030564160', '11990002055', '10018510', 2),
    ('Karen Ribeiro', 'karen.ribeiro@gmail.com', '39537672409', '11990002192', '10019744', 2),
    ('Leonardo Campos', 'leonardo.campos@gmail.com', '23884969692', '11990002329', '10020978', 2),
    ('Mariana Duarte', 'mariana.duarte@gmail.com', '53287101269', '11990002466', '10022212', 2),
    ('Natália Gomes', 'natalia.gomes@gmail.com', '26916697857', '11990002603', '10023446', 2),
    ('Otávio Barros', 'otavio.barros@gmail.com', '48018451427', '11990002740', '10024680', 2),
    ('Paulo Henrique', 'paulo.henrique@gmail.com', '62704828105', '11980003297', '20049245', 3),
    ('Sofia Carvalho', 'sofia.carvalho@gmail.com', '48932528870', '11980003454', '20051590', 3),
    ('Rafael Moreira', 'rafael.moreira@gmail.com', '09570154373', '11980003611', '20053935', 3),
    ('Larissa Vieira', 'larissa.vieira@gmail.com', '03911718284', '11980003768', '20056280', 3),
    ('Gustavo Freitas', 'gustavo.freitas@gmail.com', '27824896315', '11980003925', '20058625', 3);

INSERT INTO `schedule` (
  `id`,
  `status`,
  `appointment_datetime`,
  `duration`,
  `transaction_hash`,
  `fk_client`,
  `fk_employee`,
  `fk_payment_type`
) VALUES
  (1, 'COMPLETED', '2025-04-01 08:00:00', 30, 'TRX-202500001', 2, 1, 1),
  (2, 'COMPLETED', '2025-04-01 10:00:00', 45, 'TRX-202500002', 6, 3, 2),
  (3, 'CANCELED', '2025-04-01 14:00:00', 60, 'TRX-202500003', 7, 4, 3),
  (4, 'COMPLETED', '2025-04-02 08:00:00', 90, 'TRX-202500004', 8, 21, 1),
  (5, 'ACTIVE', '2025-04-02 10:00:00', 30, NULL, 9, 22, NULL),
  (6, 'COMPLETED', '2025-04-02 14:00:00', 45, 'TRX-202500006', 10, 23, 3),
  (7, 'CANCELED', '2025-04-03 08:00:00', 60, 'TRX-202500007', 11, 24, 1),
  (8, 'COMPLETED', '2025-04-03 10:00:00', 90, 'TRX-202500008', 12, 25, 2),
  (9, 'CANCELED', '2025-04-03 14:00:00', 30, 'TRX-202500009', 13, 1, 3),
  (10, 'COMPLETED', '2025-04-04 08:00:00', 45, 'TRX-202500010', 14, 3, 1),
  (11, 'COMPLETED', '2025-04-04 10:00:00', 60, 'TRX-202500011', 15, 4, 2),
  (12, 'COMPLETED', '2025-04-04 14:00:00', 90, 'TRX-202500012', 16, 21, 3),
  (13, 'COMPLETED', '2025-04-05 08:00:00', 30, 'TRX-202500013', 17, 22, 1),
  (14, 'CANCELED', '2025-04-05 10:00:00', 45, 'TRX-202500014', 18, 23, 2),
  (15, 'COMPLETED', '2025-04-05 14:00:00', 60, 'TRX-202500015', 19, 24, 3),
  (16, 'COMPLETED', '2025-04-07 08:00:00', 90, 'TRX-202500016', 20, 25, 1),
  (17, 'COMPLETED', '2025-04-07 10:00:00', 30, 'TRX-202500017', 2, 1, 2),
  (18, 'CANCELED', '2025-04-07 14:00:00', 45, 'TRX-202500018', 6, 3, 3),
  (19, 'COMPLETED', '2025-04-08 08:00:00', 60, 'TRX-202500019', 7, 4, 1),
  (20, 'COMPLETED', '2025-04-08 10:00:00', 90, 'TRX-202500020', 8, 21, 2),
  (21, 'COMPLETED', '2025-04-08 14:00:00', 30, 'TRX-202500021', 9, 22, 3),
  (22, 'CANCELED', '2025-04-09 08:00:00', 45, 'TRX-202500022', 10, 23, 1),
  (23, 'COMPLETED', '2025-04-09 10:00:00', 60, 'TRX-202500023', 11, 24, 2),
  (24, 'COMPLETED', '2025-04-09 14:00:00', 90, 'TRX-202500024', 12, 25, 3),
  (25, 'ACTIVE', '2025-04-10 08:00:00', 30, NULL, 13, 1, NULL),
  (26, 'COMPLETED', '2025-04-10 10:00:00', 45, 'TRX-202500026', 14, 3, 2),
  (27, 'CANCELED', '2025-04-10 14:00:00', 60, 'TRX-202500027', 15, 4, 3),
  (28, 'COMPLETED', '2025-04-11 08:00:00', 90, 'TRX-202500028', 16, 21, 1),
  (29, 'COMPLETED', '2025-04-11 10:00:00', 30, 'TRX-202500029', 17, 22, 2),
  (30, 'ACTIVE', '2025-04-11 14:00:00', 45, NULL, 18, 23, NULL),
  (31, 'COMPLETED', '2025-04-12 08:00:00', 60, 'TRX-202500031', 19, 24, 1),
  (32, 'COMPLETED', '2025-04-12 10:00:00', 90, 'TRX-202500032', 20, 25, 2),
  (33, 'COMPLETED', '2025-04-12 14:00:00', 30, 'TRX-202500033', 2, 1, 3),
  (34, 'COMPLETED', '2025-04-14 08:00:00', 45, 'TRX-202500034', 6, 3, 1),
  (35, 'COMPLETED', '2025-04-14 10:00:00', 60, 'TRX-202500035', 7, 4, 2),
  (36, 'CANCELED', '2025-04-14 14:00:00', 90, 'TRX-202500036', 8, 21, 3),
  (37, 'COMPLETED', '2025-04-15 08:00:00', 30, 'TRX-202500037', 9, 22, 1),
  (38, 'COMPLETED', '2025-04-15 10:00:00', 45, 'TRX-202500038', 10, 23, 2),
  (39, 'COMPLETED', '2025-04-15 14:00:00', 60, 'TRX-202500039', 11, 24, 3),
  (40, 'CANCELED', '2025-04-16 08:00:00', 90, 'TRX-202500040', 12, 25, 1),
  (41, 'COMPLETED', '2025-04-16 10:00:00', 30, 'TRX-202500041', 13, 1, 2),
  (42, 'COMPLETED', '2025-04-16 14:00:00', 45, 'TRX-202500042', 14, 3, 3),
  (43, 'COMPLETED', '2025-04-17 08:00:00', 60, 'TRX-202500043', 15, 4, 1),
  (44, 'CANCELED', '2025-04-17 10:00:00', 90, 'TRX-202500044', 16, 21, 2),
  (45, 'CANCELED', '2025-04-17 14:00:00', 30, 'TRX-202500045', 17, 22, 3),
  (46, 'COMPLETED', '2025-04-18 08:00:00', 45, 'TRX-202500046', 18, 23, 1),
  (47, 'COMPLETED', '2025-04-18 10:00:00', 60, 'TRX-202500047', 19, 24, 2),
  (48, 'COMPLETED', '2025-04-18 14:00:00', 90, 'TRX-202500048', 20, 25, 3),
  (49, 'CANCELED', '2025-04-19 08:00:00', 30, 'TRX-202500049', 2, 1, 1),
  (50, 'ACTIVE', '2025-04-19 10:00:00', 45, NULL, 6, 3, NULL),
  (51, 'COMPLETED', '2025-04-19 14:00:00', 60, 'TRX-202500051', 7, 4, 2),
  (52, 'COMPLETED', '2025-04-21 08:00:00', 90, 'TRX-202500052', 8, 21, 3),
  (53, 'COMPLETED', '2025-04-21 10:00:00', 30, 'TRX-202500053', 9, 22, 1),
  (54, 'CANCELED', '2025-04-21 14:00:00', 45, 'TRX-202500054', 10, 23, 2),
  (55, 'COMPLETED', '2025-04-22 08:00:00', 60, 'TRX-202500055', 11, 24, 3),
  (56, 'COMPLETED', '2025-04-22 10:00:00', 90, 'TRX-202500056', 12, 25, 1),
  (57, 'COMPLETED', '2025-04-22 14:00:00', 30, 'TRX-202500057', 13, 1, 2),
  (58, 'CANCELED', '2025-04-23 08:00:00', 45, 'TRX-202500058', 14, 3, 3),
  (59, 'COMPLETED', '2025-04-23 10:00:00', 60, 'TRX-202500059', 15, 4, 1),
  (60, 'COMPLETED', '2025-04-23 14:00:00', 90, 'TRX-202500060', 16, 21, 2),
  (61, 'COMPLETED', '2025-04-24 08:00:00', 30, 'TRX-202500061', 17, 22, 3),
  (62, 'COMPLETED', '2025-04-24 10:00:00', 45, 'TRX-202500062', 18, 23, 1),
  (63, 'CANCELED', '2025-04-24 14:00:00', 60, 'TRX-202500063', 19, 24, 2),
  (64, 'COMPLETED', '2025-04-25 08:00:00', 90, 'TRX-202500064', 20, 25, 3),
  (65, 'COMPLETED', '2025-04-25 10:00:00', 30, 'TRX-202500065', 2, 1, 1),
  (66, 'COMPLETED', '2025-04-25 14:00:00', 45, 'TRX-202500066', 6, 3, 2),
  (67, 'CANCELED', '2025-04-26 08:00:00', 60, 'TRX-202500067', 7, 4, 3),
  (68, 'COMPLETED', '2025-04-26 10:00:00', 90, 'TRX-202500068', 8, 21, 1),
  (69, 'COMPLETED', '2025-04-26 14:00:00', 30, 'TRX-202500069', 9, 22, 2),
  (70, 'ACTIVE', '2025-04-28 08:00:00', 45, NULL, 10, 23, NULL),
  (71, 'COMPLETED', '2025-04-28 10:00:00', 60, 'TRX-202500071', 11, 24, 3),
  (72, 'CANCELED', '2025-04-28 14:00:00', 90, 'TRX-202500072', 12, 25, 1),
  (73, 'COMPLETED', '2025-04-29 08:00:00', 30, 'TRX-202500073', 13, 1, 2),
  (74, 'COMPLETED', '2025-04-29 10:00:00', 45, 'TRX-202500074', 14, 3, 3),
  (75, 'COMPLETED', '2025-04-29 14:00:00', 60, 'TRX-202500075', 15, 4, 1),
  (76, 'CANCELED', '2025-04-30 08:00:00', 90, 'TRX-202500076', 16, 21, 2),
  (77, 'CANCELED', '2025-04-30 10:00:00', 30, 'TRX-202500077', 17, 22, 3),
  (78, 'COMPLETED', '2025-04-30 14:00:00', 45, 'TRX-202500078', 18, 23, 1),
  (79, 'COMPLETED', '2025-05-01 08:00:00', 60, 'TRX-202500079', 19, 24, 2),
  (80, 'ACTIVE', '2025-05-01 10:00:00', 45, NULL, 20, 25, NULL),
  (81, 'COMPLETED', '2025-05-01 14:00:00', 90, 'TRX-202500081', 2, 1, 2),
  (82, 'COMPLETED', '2025-05-02 08:00:00', 30, 'TRX-202500082', 6, 3, 1),
  (83, 'COMPLETED', '2025-05-02 10:00:00', 45, 'TRX-202500083', 7, 4, 2),
  (84, 'COMPLETED', '2025-05-02 14:00:00', 60, 'TRX-202500084', 8, 21, 3),
  (85, 'CANCELED', '2025-05-03 08:00:00', 30, 'TRX-202500085', 9, 22, 1),
  (86, 'COMPLETED', '2025-05-03 10:00:00', 45, 'TRX-202500086', 10, 23, 2),
  (87, 'COMPLETED', '2025-05-03 14:00:00', 60, 'TRX-202500087', 11, 24, 3),
  (88, 'COMPLETED', '2025-05-05 08:00:00', 90, 'TRX-202500088', 12, 25, 1),
  (89, 'COMPLETED', '2025-05-05 10:00:00', 30, 'TRX-202500089', 13, 1, 2),
  (90, 'ACTIVE', '2025-05-05 14:00:00', 45, NULL, 14, 3, NULL),
  (91, 'COMPLETED', '2025-05-06 08:00:00', 60, 'TRX-202500091', 15, 4, 1),
  (92, 'COMPLETED', '2025-05-06 10:00:00', 90, 'TRX-202500092', 16, 21, 2),
  (93, 'COMPLETED', '2025-05-06 14:00:00', 30, 'TRX-202500093', 17, 22, 3),
  (94, 'COMPLETED', '2025-05-07 08:00:00', 45, 'TRX-202500094', 18, 23, 1),
  (95, 'ACTIVE', '2025-05-07 10:00:00', 60, NULL, 19, 24, NULL),
  (96, 'COMPLETED', '2025-05-07 14:00:00', 90, 'TRX-202500096', 20, 25, 3),
  (97, 'COMPLETED', '2025-05-08 08:00:00', 30, 'TRX-202500097', 2, 1, 1),
  (98, 'COMPLETED', '2025-05-08 10:00:00', 45, 'TRX-202500098', 6, 3, 2),
  (99, 'COMPLETED', '2025-05-08 14:00:00', 60, 'TRX-202500099', 7, 4, 3),
  (100,'COMPLETED', '2025-05-09 08:00:00', 90, 'TRX-202501000', 8, 21, 1),
  (101, 'COMPLETED', '2025-05-10 08:00:00', 30, 'TRX-202500101', 2, 1, 1),
  (102, 'COMPLETED', '2025-05-10 10:00:00', 45, 'TRX-202500102', 6, 3, 2),
  (103, 'CANCELED', '2025-05-10 14:00:00', 60, 'TRX-202500103', 7, 4, 3),
  (104, 'COMPLETED', '2025-05-12 08:00:00', 90, 'TRX-202500104', 8, 21, 1),
  (105, 'COMPLETED', '2025-05-12 10:00:00', 30, 'TRX-202500105', 9, 22, 2),
  (106, 'COMPLETED', '2025-05-12 14:00:00', 45, 'TRX-202500106', 10, 23, 3),
  (107, 'COMPLETED', '2025-05-13 08:00:00', 60, 'TRX-202500107', 11, 24, 1),
  (108, 'COMPLETED', '2025-05-13 10:00:00', 90, 'TRX-202500108', 12, 25, 2),
  (109, 'COMPLETED', '2025-05-13 14:00:00', 30, 'TRX-202500109', 13, 1, 3),
  (110, 'CANCELED', '2025-05-14 08:00:00', 45, 'TRX-202500110', 14, 3, 1),
  (111, 'COMPLETED', '2025-05-14 10:00:00', 60, 'TRX-202500111', 15, 4, 2),
  (112, 'COMPLETED', '2025-05-14 14:00:00', 90, 'TRX-202500112', 16, 21, 3),
  (113, 'COMPLETED', '2025-05-15 08:00:00', 30, 'TRX-202500113', 17, 22, 1),
  (114, 'COMPLETED', '2025-05-15 10:00:00', 45, 'TRX-202500114', 18, 23, 2),
  (115, 'COMPLETED', '2025-05-15 14:00:00', 60, 'TRX-202500115', 19, 24, 3),
  (116, 'CANCELED', '2025-05-16 08:00:00', 90, 'TRX-202500116', 20, 25, 1),
  (117, 'COMPLETED', '2025-05-16 10:00:00', 30, 'TRX-202500117', 2, 1, 2),
  (118, 'COMPLETED', '2025-05-16 14:00:00', 45, 'TRX-202500118', 6, 3, 3),
  (119, 'CANCELED', '2025-05-17 08:00:00', 60, 'TRX-202500119', 7, 4, 1),
  (120, 'COMPLETED', '2025-05-17 10:00:00', 90, 'TRX-202500120', 8, 21, 2),
  (121, 'COMPLETED', '2025-05-17 14:00:00', 30, 'TRX-202500121', 9, 22, 3),
  (122, 'COMPLETED', '2025-05-19 08:00:00', 45, 'TRX-202500122', 10, 23, 1),
  (123, 'COMPLETED', '2025-05-19 10:00:00', 60, 'TRX-202500123', 11, 24, 2),
  (124, 'CANCELED', '2025-05-19 14:00:00', 90, 'TRX-202500124', 12, 25, 3),
  (125, 'COMPLETED', '2025-05-20 08:00:00', 30, 'TRX-202500125', 13, 1, 1),
  (126, 'ACTIVE', '2025-05-20 10:00:00', 45, NULL, 14, 3, NULL),
  (127, 'COMPLETED', '2025-05-20 14:00:00', 60, 'TRX-202500127', 15, 4, 3),
  (128, 'CANCELED', '2025-05-21 08:00:00', 90, 'TRX-202500128', 16, 21, 1),
  (129, 'COMPLETED', '2025-05-21 10:00:00', 30, 'TRX-202500129', 17, 22, 2),
  (130, 'COMPLETED', '2025-05-21 14:00:00', 45, 'TRX-202500130', 18, 23, 3),
  (131, 'COMPLETED', '2025-05-22 08:00:00', 60, 'TRX-202500131', 19, 24, 1),
  (132, 'CANCELED', '2025-05-22 10:00:00', 90, 'TRX-202500132', 20, 25, 2),
  (133, 'COMPLETED', '2025-05-22 14:00:00', 30, 'TRX-202500133', 2, 1, 3),
  (134, 'COMPLETED', '2025-05-23 08:00:00', 45, 'TRX-202500134', 6, 3, 1),
  (135, 'COMPLETED', '2025-05-23 10:00:00', 60, 'TRX-202500135', 7, 4, 2),
  (136, 'CANCELED', '2025-05-23 14:00:00', 90, 'TRX-202500136', 8, 21, 3),
  (137, 'COMPLETED', '2025-05-24 08:00:00', 30, 'TRX-202500137', 9, 22, 1),
  (138, 'COMPLETED', '2025-05-24 10:00:00', 45, 'TRX-202500138', 10, 23, 2),
  (139, 'COMPLETED', '2025-05-24 14:00:00', 60, 'TRX-202500139', 11, 24, 3),
  (140, 'CANCELED', '2025-05-26 08:00:00', 90, 'TRX-202500140', 12, 25, 1),
  (141, 'COMPLETED', '2025-05-26 10:00:00', 30, 'TRX-202500141', 13, 1, 2),
  (142, 'COMPLETED', '2025-05-26 14:00:00', 45, 'TRX-202500142', 14, 3, 3),
  (143, 'COMPLETED', '2025-05-27 08:00:00', 60, 'TRX-202500143', 15, 4, 1),
  (144, 'CANCELED', '2025-05-27 10:00:00', 90, 'TRX-202500144', 16, 21, 2),
  (145, 'COMPLETED', '2025-05-27 14:00:00', 30, 'TRX-202500145', 17, 22, 3),
  (146, 'COMPLETED', '2025-05-28 08:00:00', 45, 'TRX-202500146', 18, 23, 1),
  (147, 'COMPLETED', '2025-05-28 10:00:00', 60, 'TRX-202500147', 19, 24, 2),
  (148, 'CANCELED', '2025-05-28 14:00:00', 90, 'TRX-202500148', 20, 25, 3),
  (149, 'COMPLETED', '2025-05-29 08:00:00', 30, 'TRX-202500149', 2, 1, 1),
  (150, 'COMPLETED', '2025-05-29 10:00:00', 45, 'TRX-202500150', 6, 3, 2),
  (151, 'COMPLETED', '2025-05-29 14:00:00', 60, 'TRX-202500151', 7, 4, 3),
  (152, 'CANCELED', '2025-05-30 08:00:00', 90, 'TRX-202500152', 8, 21, 1),
  (153, 'COMPLETED', '2025-05-30 10:00:00', 30, 'TRX-202500153', 9, 22, 2),
  (154, 'COMPLETED', '2025-05-30 14:00:00', 45, 'TRX-202500154', 10, 23, 3),
  (155, 'ACTIVE', '2025-05-31 08:00:00', 60, NULL, 11, 24, NULL),
  (156, 'COMPLETED', '2025-05-31 10:00:00', 90, 'TRX-202500156', 12, 25, 2),
  (157, 'COMPLETED', '2025-05-31 14:00:00', 30, 'TRX-202500157', 13, 1, 3),
  (158, 'COMPLETED', '2025-06-02 08:00:00', 45, 'TRX-202500158', 14, 3, 1),
  (159, 'CANCELED', '2025-06-02 10:00:00', 60, 'TRX-202500159', 15, 4, 2),
  (160, 'COMPLETED', '2025-06-02 14:00:00', 90, 'TRX-202500160', 16, 21, 3),
  (161, 'COMPLETED', '2025-06-03 08:00:00', 30, 'TRX-202500161', 17, 22, 1),
  (162, 'COMPLETED', '2025-06-03 10:00:00', 45, 'TRX-202500162', 18, 23, 2),
  (163, 'CANCELED', '2025-06-03 14:00:00', 60, 'TRX-202500163', 19, 24, 3),
  (164, 'COMPLETED', '2025-06-04 08:00:00', 90, 'TRX-202500164', 20, 25, 1),
  (165, 'COMPLETED', '2025-06-04 10:00:00', 30, 'TRX-202500165', 2, 1, 2),
  (166, 'COMPLETED', '2025-06-04 14:00:00', 45, 'TRX-202500166', 6, 3, 3),
  (167, 'CANCELED', '2025-06-05 08:00:00', 60, 'TRX-202500167', 7, 4, 1),
  (168, 'COMPLETED', '2025-06-05 10:00:00', 90, 'TRX-202500168', 8, 21, 2),
  (169, 'COMPLETED', '2025-06-05 14:00:00', 30, 'TRX-202500169', 9, 22, 3),
  (170, 'COMPLETED', '2025-06-06 08:00:00', 45, 'TRX-202500170', 10, 23, 1),
  (171, 'CANCELED', '2025-06-06 10:00:00', 60, 'TRX-202500171', 11, 24, 2),
  (172, 'COMPLETED', '2025-06-06 14:00:00', 90, 'TRX-202500172', 12, 25, 3),
  (173, 'COMPLETED', '2025-06-07 08:00:00', 30, 'TRX-202500173', 13, 1, 1),
  (174, 'COMPLETED', '2025-06-07 10:00:00', 45, 'TRX-202500174', 14, 3, 2),
  (175, 'ACTIVE', '2025-06-07 14:00:00', 60, NULL, 15, 4, NULL),
  (176, 'COMPLETED', '2025-06-09 08:00:00', 90, 'TRX-202500176', 16, 21, 1),
  (177, 'CANCELED', '2025-06-09 10:00:00', 30, 'TRX-202500177', 17, 22, 2),
  (178, 'COMPLETED', '2025-06-09 14:00:00', 45, 'TRX-202500178', 18, 23, 3),
  (179, 'COMPLETED', '2025-06-10 08:00:00', 60, 'TRX-202500179', 19, 24, 1),
  (180, 'COMPLETED', '2025-06-10 10:00:00', 90, 'TRX-202500180', 20, 25, 2),
  (181, 'CANCELED', '2025-06-10 14:00:00', 30, 'TRX-202500181', 2, 1, 3),
  (182, 'COMPLETED', '2025-06-11 08:00:00', 45, 'TRX-202500182', 6, 3, 1),
  (183, 'COMPLETED', '2025-06-11 10:00:00', 60, 'TRX-202500183', 7, 4, 2),
  (184, 'CANCELED', '2025-06-11 14:00:00', 90, 'TRX-202500184', 8, 21, 3),
  (185, 'COMPLETED', '2025-06-12 08:00:00', 30, 'TRX-202500185', 9, 22, 1),
  (186, 'COMPLETED', '2025-06-12 10:00:00', 45, 'TRX-202500186', 10, 23, 2),
  (187, 'COMPLETED', '2025-06-12 14:00:00', 60, 'TRX-202500187', 11, 24, 3),
  (188, 'CANCELED', '2025-06-13 08:00:00', 90, 'TRX-202500188', 12, 25, 1),
  (189, 'ACTIVE', '2025-06-13 10:00:00', 30, NULL, 13, 1, NULL),
  (190, 'COMPLETED', '2025-06-13 14:00:00', 45, 'TRX-202500190', 14, 3, 3),
  (191, 'COMPLETED', '2025-06-14 08:00:00', 60, 'TRX-202500191', 15, 4, 1),
  (192, 'COMPLETED', '2025-06-14 10:00:00', 90, 'TRX-202500192', 16, 21, 2),
  (193, 'CANCELED', '2025-06-14 14:00:00', 30, 'TRX-202500193', 17, 22, 3),
  (194, 'COMPLETED', '2025-06-16 08:00:00', 45, 'TRX-202500194', 18, 23, 1),
  (195, 'COMPLETED', '2025-06-16 10:00:00', 60, 'TRX-202500195', 19, 24, 2),
  (196, 'COMPLETED', '2025-06-16 14:00:00', 90, 'TRX-202500196', 20, 25, 3),
  (197, 'CANCELED', '2025-06-17 08:00:00', 30, 'TRX-202500197', 2, 1, 1),
  (198, 'COMPLETED', '2025-06-17 10:00:00', 45, 'TRX-202500198', 6, 3, 2),
  (199, 'COMPLETED', '2025-06-17 14:00:00', 60, 'TRX-202500199', 7, 4, 3),
  (200, 'ACTIVE', '2025-06-18 08:00:00', 90, NULL, 8, 21, NULL),
  (201, 'COMPLETED', '2025-06-18 10:00:00', 30, 'TRX-202500201', 2, 1, 1),
  (202, 'COMPLETED', '2025-06-18 14:00:00', 45, 'TRX-202500202', 6, 3, 2),
  (203, 'CANCELED', '2025-06-19 08:00:00', 60, 'TRX-202500203', 7, 4, 3),
  (204, 'COMPLETED', '2025-06-19 10:00:00', 90, 'TRX-202500204', 8, 21, 1),
  (205, 'ACTIVE', '2025-06-19 14:00:00', 30, NULL, 9, 22, NULL),
  (206, 'COMPLETED', '2025-06-20 08:00:00', 45, 'TRX-202500206', 10, 23, 3),
  (207, 'CANCELED', '2025-06-20 10:00:00', 60, 'TRX-202500207', 11, 24, 1),
  (208, 'COMPLETED', '2025-06-20 14:00:00', 90, 'TRX-202500208', 12, 25, 2),
  (209, 'COMPLETED', '2025-06-21 08:00:00', 30, 'TRX-202500209', 13, 1, 3),
  (210, 'CANCELED', '2025-06-21 10:00:00', 45, 'TRX-202500210', 14, 3, 1),
  (211, 'COMPLETED', '2025-06-21 14:00:00', 60, 'TRX-202500211', 15, 4, 2),
  (212, 'COMPLETED', '2025-06-23 08:00:00', 90, 'TRX-202500212', 16, 21, 3),
  (213, 'COMPLETED', '2025-06-23 10:00:00', 30, 'TRX-202500213', 17, 22, 1),
  (214, 'CANCELED', '2025-06-23 14:00:00', 45, 'TRX-202500214', 18, 23, 2),
  (215, 'COMPLETED', '2025-06-24 08:00:00', 60, 'TRX-202500215', 19, 24, 3),
  (216, 'COMPLETED', '2025-06-24 10:00:00', 90, 'TRX-202500216', 20, 25, 1),
  (217, 'COMPLETED', '2025-06-24 14:00:00', 30, 'TRX-202500217', 2, 1, 2),
  (218, 'CANCELED', '2025-06-25 08:00:00', 45, 'TRX-202500218', 6, 3, 3),
  (219, 'COMPLETED', '2025-06-25 10:00:00', 60, 'TRX-202500219', 7, 4, 1),
  (220, 'COMPLETED', '2025-06-25 14:00:00', 90, 'TRX-202500220', 8, 21, 2),
  (221, 'ACTIVE', '2025-06-26 08:00:00', 30, NULL, 9, 22, NULL),
  (222, 'CANCELED', '2025-06-26 10:00:00', 45, 'TRX-202500222', 10, 23, 1),
  (223, 'COMPLETED', '2025-06-26 14:00:00', 60, 'TRX-202500223', 11, 24, 2),
  (224, 'COMPLETED', '2025-06-27 08:00:00', 90, 'TRX-202500224', 12, 25, 3),
  (225, 'COMPLETED', '2025-06-27 10:00:00', 30, 'TRX-202500225', 13, 1, 1),
  (226, 'CANCELED', '2025-06-27 14:00:00', 45, 'TRX-202500226', 14, 3, 2),
  (227, 'COMPLETED', '2025-06-28 08:00:00', 60, 'TRX-202500227', 15, 4, 3),
  (228, 'COMPLETED', '2025-06-28 10:00:00', 90, 'TRX-202500228', 16, 21, 1),
  (229, 'COMPLETED', '2025-06-28 14:00:00', 30, 'TRX-202500229', 17, 22, 2),
  (230, 'CANCELED', '2025-06-30 08:00:00', 45, 'TRX-202500230', 18, 23, 3),
  (231, 'COMPLETED', '2025-06-30 10:00:00', 60, 'TRX-202500231', 19, 24, 1),
  (232, 'COMPLETED', '2025-06-30 14:00:00', 90, 'TRX-202500232', 20, 25, 2),
  (233, 'COMPLETED', '2025-07-01 08:00:00', 30, 'TRX-202500233', 2, 1, 3),
  (234, 'CANCELED', '2025-07-01 10:00:00', 45, 'TRX-202500234', 6, 3, 1),
  (235, 'COMPLETED', '2025-07-01 14:00:00', 60, 'TRX-202500235', 7, 4, 2),
  (236, 'COMPLETED', '2025-07-02 08:00:00', 90, 'TRX-202500236', 8, 21, 3),
  (237, 'COMPLETED', '2025-07-02 10:00:00', 30, 'TRX-202500237', 9, 22, 1),
  (238, 'CANCELED', '2025-07-02 14:00:00', 45, 'TRX-202500238', 10, 23, 2),
  (239, 'COMPLETED', '2025-07-03 08:00:00', 60, 'TRX-202500239', 11, 24, 3),
  (240, 'COMPLETED', '2025-07-03 10:00:00', 90, 'TRX-202500240', 12, 25, 1),
  (241, 'COMPLETED', '2025-07-03 14:00:00', 30, 'TRX-202500241', 13, 1, 2),
  (242, 'CANCELED', '2025-07-04 08:00:00', 45, 'TRX-202500242', 14, 3, 3),
  (243, 'COMPLETED', '2025-07-04 10:00:00', 60, 'TRX-202500243', 15, 4, 1),
  (244, 'ACTIVE', '2025-07-04 14:00:00', 90, NULL, 16, 21, NULL),
  (245, 'COMPLETED', '2025-07-05 08:00:00', 30, 'TRX-202500245', 17, 22, 1),
  (246, 'CANCELED', '2025-07-05 10:00:00', 45, 'TRX-202500246', 18, 23, 2),
  (247, 'COMPLETED', '2025-07-05 14:00:00', 60, 'TRX-202500247', 19, 24, 3),
  (248, 'COMPLETED', '2025-07-07 08:00:00', 90, 'TRX-202500248', 20, 25, 1),
  (249, 'COMPLETED', '2025-07-07 10:00:00', 30, 'TRX-202500249', 2, 1, 2),
  (250, 'CANCELED', '2025-07-07 14:00:00', 45, 'TRX-202500250', 6, 3, 3),
  (251, 'COMPLETED', '2025-07-08 08:00:00', 60, 'TRX-202500251', 7, 4, 1),
  (252, 'COMPLETED', '2025-07-08 10:00:00', 90, 'TRX-202500252', 8, 21, 2),
  (253, 'COMPLETED', '2025-07-08 14:00:00', 30, 'TRX-202500253', 9, 22, 3),
  (254, 'CANCELED', '2025-07-09 08:00:00', 45, 'TRX-202500254', 10, 23, 1),
  (255, 'COMPLETED', '2025-07-09 10:00:00', 60, 'TRX-202500255', 11, 24, 2),
  (256, 'COMPLETED', '2025-07-09 14:00:00', 90, 'TRX-202500256', 12, 25, 3),
  (257, 'COMPLETED', '2025-07-10 08:00:00', 30, 'TRX-202500257', 13, 1, 1),
  (258, 'CANCELED', '2025-07-10 10:00:00', 45, 'TRX-202500258', 14, 3, 2),
  (259, 'COMPLETED', '2025-07-10 14:00:00', 60, 'TRX-202500259', 15, 4, 3),
  (260, 'COMPLETED', '2025-07-11 08:00:00', 90, 'TRX-202500260', 16, 21, 1),
  (261, 'COMPLETED', '2025-07-11 10:00:00', 30, 'TRX-202500261', 17, 22, 2),
  (262, 'CANCELED', '2025-07-11 14:00:00', 45, 'TRX-202500262', 18, 23, 3),
  (263, 'COMPLETED', '2025-07-12 08:00:00', 60, 'TRX-202500263', 19, 24, 1),
  (264, 'COMPLETED', '2025-07-12 10:00:00', 90, 'TRX-202500264', 20, 25, 2),
  (265, 'COMPLETED', '2025-07-12 14:00:00', 30, 'TRX-202500265', 2, 1, 3),
  (266, 'COMPLETED', '2025-07-14 08:00:00', 45, 'TRX-202500266', 6, 3, 1),
  (267, 'ACTIVE', '2025-07-14 10:00:00', 60, NULL, 7, 4, NULL),
  (268, 'COMPLETED', '2025-07-14 14:00:00', 90, 'TRX-202500268', 8, 21, 2),
  (269, 'COMPLETED', '2025-07-15 08:00:00', 30, 'TRX-202500269', 9, 22, 3),
  (270, 'CANCELED', '2025-07-15 10:00:00', 45, 'TRX-202500270', 10, 23, 1),
  (271, 'COMPLETED', '2025-07-15 14:00:00', 60, 'TRX-202500271', 11, 24, 2),
  (272, 'COMPLETED', '2025-07-16 08:00:00', 90, 'TRX-202500272', 12, 25, 3),
  (273, 'COMPLETED', '2025-07-16 10:00:00', 30, 'TRX-202500273', 13, 1, 1),
  (274, 'CANCELED', '2025-07-16 14:00:00', 45, 'TRX-202500274', 14, 3, 2),
  (275, 'COMPLETED', '2025-07-17 08:00:00', 60, 'TRX-202500275', 15, 4, 3),
  (276, 'COMPLETED', '2025-07-17 10:00:00', 90, 'TRX-202500276', 16, 21, 1),
  (277, 'COMPLETED', '2025-07-17 14:00:00', 30, 'TRX-202500277', 17, 22, 2),
  (278, 'CANCELED', '2025-07-18 08:00:00', 45, 'TRX-202500278', 18, 23, 3),
  (279, 'COMPLETED', '2025-07-18 10:00:00', 60, 'TRX-202500279', 19, 24, 1),
  (280, 'COMPLETED', '2025-07-18 14:00:00', 90, 'TRX-202500280', 20, 25, 2),
  (281, 'COMPLETED', '2025-07-19 08:00:00', 30, 'TRX-202500281', 2, 1, 3),
  (282, 'CANCELED', '2025-07-19 10:00:00', 45, 'TRX-202500282', 6, 3, 1),
  (283, 'COMPLETED', '2025-07-19 14:00:00', 60, 'TRX-202500283', 7, 4, 2),
  (284, 'COMPLETED', '2025-07-21 08:00:00', 90, 'TRX-202500284', 8, 21, 3),
  (285, 'COMPLETED', '2025-07-21 10:00:00', 30, 'TRX-202500285', 9, 22, 1),
  (286, 'COMPLETED', '2025-07-21 14:00:00', 45, 'TRX-202500286', 10, 23, 2),
  (287, 'COMPLETED', '2025-07-22 08:00:00', 60, 'TRX-202500287', 11, 24, 3),
  (288, 'COMPLETED', '2025-07-22 10:00:00', 90, 'TRX-202500288', 12, 25, 1),
  (289, 'ACTIVE', '2025-07-22 14:00:00', 30, NULL, 13, 1, NULL),
  (290, 'COMPLETED', '2025-07-23 08:00:00', 45, 'TRX-202500290', 14, 3, 2),
  (291, 'COMPLETED', '2025-07-23 10:00:00', 60, 'TRX-202500291', 15, 4, 3),
  (292, 'COMPLETED', '2025-07-23 14:00:00', 90, 'TRX-202500292', 16, 21, 1),
  (293, 'COMPLETED', '2025-07-24 08:00:00', 30, 'TRX-202500293', 17, 22, 2),
  (294, 'COMPLETED', '2025-07-24 10:00:00', 45, 'TRX-202500294', 18, 23, 3),
  (295, 'COMPLETED', '2025-07-24 14:00:00', 60, 'TRX-202500295', 19, 24, 1),
  (296, 'COMPLETED', '2025-07-25 08:00:00', 90, 'TRX-202500296', 20, 25, 2),
  (297, 'COMPLETED', '2025-07-25 10:00:00', 30, 'TRX-202500297', 2, 1, 3),
  (298, 'COMPLETED', '2025-07-25 14:00:00', 45, 'TRX-202500298', 6, 3, 1),
  (299, 'COMPLETED', '2025-07-26 08:00:00', 60, 'TRX-202500299', 7, 4, 2),
  (300, 'COMPLETED', '2025-07-26 10:00:00', 90, 'TRX-202500300', 8, 21, 1),
  (301, 'COMPLETED', '2025-07-28 08:00:00', 60, 'TRX-202500301', 2, 1, 1),
  (302, 'COMPLETED', '2025-07-28 11:00:00', 45, 'TRX-202500302', 6, 3, 2),
  (303, 'COMPLETED', '2025-07-28 15:30:00', 90, 'TRX-202500303', 7, 4, 3),
  (304, 'COMPLETED', '2025-07-29 08:00:00', 30, 'TRX-202500304', 8, 21, 1),
  (305, 'COMPLETED', '2025-07-29 11:00:00', 120, 'TRX-202500305', 9, 22, 2),
  (306, 'COMPLETED', '2025-07-29 15:30:00', 60, 'TRX-202500306', 10, 23, 3),
  (307, 'COMPLETED', '2025-07-30 08:00:00', 45, 'TRX-202500307', 11, 24, 1),
  (308, 'COMPLETED', '2025-07-30 11:00:00', 90, 'TRX-202500308', 12, 25, 2),
  (309, 'COMPLETED', '2025-07-30 15:30:00', 30, 'TRX-202500309', 13, 1, 3),
  (310, 'COMPLETED', '2025-07-31 08:00:00', 120, 'TRX-202500310', 14, 3, 1),
  (311, 'COMPLETED', '2025-07-31 11:00:00', 60, 'TRX-202500311', 15, 4, 2),
  (312, 'COMPLETED', '2025-07-31 15:30:00', 45, 'TRX-202500312', 16, 21, 3),
  (313, 'COMPLETED', '2025-08-01 08:00:00', 90, 'TRX-202500313', 17, 22, 1),
  (314, 'COMPLETED', '2025-08-01 11:00:00', 30, 'TRX-202500314', 18, 23, 2),
  (315, 'COMPLETED', '2025-08-01 15:30:00', 120, 'TRX-202500315', 19, 24, 3),
  (316, 'CANCELED', '2025-08-02 08:00:00', 60, 'TRX-202500316', 20, 25, 1),
  (317, 'CANCELED', '2025-08-02 11:00:00', 45, 'TRX-202500317', 2, 1, 2),
  (318, 'CANCELED', '2025-08-02 15:30:00', 90, 'TRX-202500318', 6, 3, 3),
  (319, 'CANCELED', '2025-08-04 08:00:00', 30, 'TRX-202500319', 7, 4, 1),
  (320, 'ACTIVE',   '2025-08-04 11:00:00', 120, NULL, 8, 21, NULL),
  (321, 'COMPLETED', '2025-08-04 15:30:00', 60, 'TRX-202500321', 9, 22, 2),
  (322, 'COMPLETED', '2025-08-05 08:00:00', 45, 'TRX-202500322', 10, 23, 3),
  (323, 'COMPLETED', '2025-08-05 11:00:00', 90, 'TRX-202500323', 11, 24, 1),
  (324, 'COMPLETED', '2025-08-05 15:30:00', 30, 'TRX-202500324', 12, 25, 2),
  (325, 'COMPLETED', '2025-08-06 08:00:00', 120, 'TRX-202500325', 13, 1, 3),
  (326, 'COMPLETED', '2025-08-06 11:00:00', 60, 'TRX-202500326', 14, 3, 1),
  (327, 'COMPLETED', '2025-08-06 15:30:00', 45, 'TRX-202500327', 15, 4, 2),
  (328, 'COMPLETED', '2025-08-07 08:00:00', 90, 'TRX-202500328', 16, 21, 3),
  (329, 'COMPLETED', '2025-08-07 11:00:00', 30, 'TRX-202500329', 17, 22, 1),
  (330, 'COMPLETED', '2025-08-07 15:30:00', 120, 'TRX-202500330', 18, 23, 2),
  (331, 'CANCELED', '2025-08-08 08:00:00', 60, 'TRX-202500331', 19, 24, 3),
  (332, 'CANCELED', '2025-08-08 11:00:00', 45, 'TRX-202500332', 20, 25, 1),
  (333, 'CANCELED', '2025-08-08 15:30:00', 90, 'TRX-202500333', 2, 1, 2),
  (334, 'CANCELED', '2025-08-09 08:00:00', 30, 'TRX-202500334', 6, 3, 3),
  (335, 'ACTIVE',   '2025-08-09 11:00:00', 120, NULL, 7, 4, NULL),
  (336, 'COMPLETED', '2025-08-09 15:30:00', 60, 'TRX-202500336', 8, 21, 1),
  (337, 'COMPLETED', '2025-08-11 08:00:00', 45, 'TRX-202500337', 9, 22, 2),
  (338, 'COMPLETED', '2025-08-11 11:00:00', 90, 'TRX-202500338', 10, 23, 3),
  (339, 'COMPLETED', '2025-08-11 15:30:00', 30, 'TRX-202500339', 11, 24, 1),
  (340, 'COMPLETED', '2025-08-12 08:00:00', 120, 'TRX-202500340', 12, 25, 2),
  (341, 'COMPLETED', '2025-08-12 11:00:00', 60, 'TRX-202500341', 13, 1, 3),
  (342, 'COMPLETED', '2025-08-12 15:30:00', 45, 'TRX-202500342', 14, 3, 1),
  (343, 'COMPLETED', '2025-08-13 08:00:00', 90, 'TRX-202500343', 15, 4, 2),
  (344, 'COMPLETED', '2025-08-13 11:00:00', 30, 'TRX-202500344', 16, 21, 3),
  (345, 'COMPLETED', '2025-08-13 15:30:00', 120, 'TRX-202500345', 17, 22, 1),
  (346, 'CANCELED', '2025-08-14 08:00:00', 60, 'TRX-202500346', 18, 23, 2),
  (347, 'CANCELED', '2025-08-14 11:00:00', 45, 'TRX-202500347', 19, 24, 3),
  (348, 'CANCELED', '2025-08-14 15:30:00', 90, 'TRX-202500348', 20, 25, 1),
  (349, 'CANCELED', '2025-08-15 08:00:00', 30, 'TRX-202500349', 2, 1, 2),
  (350, 'ACTIVE',   '2025-08-15 11:00:00', 120, NULL, 6, 3, NULL),
  (351, 'COMPLETED', '2025-08-15 15:30:00', 60, 'TRX-202500351', 7, 4, 3),
  (352, 'COMPLETED', '2025-08-16 08:00:00', 45, 'TRX-202500352', 8, 21, 1),
  (353, 'COMPLETED', '2025-08-16 11:00:00', 90, 'TRX-202500353', 9, 22, 2),
  (354, 'COMPLETED', '2025-08-16 15:30:00', 30, 'TRX-202500354', 10, 23, 3),
  (355, 'COMPLETED', '2025-08-18 08:00:00', 120, 'TRX-202500355', 11, 24, 1),
  (356, 'COMPLETED', '2025-08-18 11:00:00', 60, 'TRX-202500356', 12, 25, 2),
  (357, 'COMPLETED', '2025-08-18 15:30:00', 45, 'TRX-202500357', 13, 1, 3),
  (358, 'COMPLETED', '2025-08-19 08:00:00', 90, 'TRX-202500358', 14, 3, 1),
  (359, 'COMPLETED', '2025-08-19 11:00:00', 30, 'TRX-202500359', 15, 4, 2),
  (360, 'COMPLETED', '2025-08-19 15:30:00', 120, 'TRX-202500360', 16, 21, 3),
  (361, 'CANCELED', '2025-08-20 08:00:00', 60, 'TRX-202500361', 17, 22, 1),
  (362, 'CANCELED', '2025-08-20 11:00:00', 45, 'TRX-202500362', 18, 23, 2),
  (363, 'CANCELED', '2025-08-20 15:30:00', 90, 'TRX-202500363', 19, 24, 3),
  (364, 'CANCELED', '2025-08-21 08:00:00', 30, 'TRX-202500364', 20, 25, 1),
  (365, 'ACTIVE',   '2025-08-21 11:00:00', 120, NULL, 2, 1, NULL),
  (366, 'COMPLETED', '2025-08-21 15:30:00', 60, 'TRX-202500366', 6, 3, 2),
  (367, 'COMPLETED', '2025-08-22 08:00:00', 45, 'TRX-202500367', 7, 4, 3),
  (368, 'COMPLETED', '2025-08-22 11:00:00', 90, 'TRX-202500368', 8, 21, 1),
  (369, 'COMPLETED', '2025-08-22 15:30:00', 30, 'TRX-202500369', 9, 22, 2),
  (370, 'COMPLETED', '2025-08-23 08:00:00', 120, 'TRX-202500370', 10, 23, 3),
  (371, 'COMPLETED', '2025-08-23 11:00:00', 60, 'TRX-202500371', 11, 24, 1),
  (372, 'COMPLETED', '2025-08-23 15:30:00', 45, 'TRX-202500372', 12, 25, 2),
  (373, 'COMPLETED', '2025-08-25 08:00:00', 90, 'TRX-202500373', 13, 1, 3),
  (374, 'COMPLETED', '2025-08-25 11:00:00', 30, 'TRX-202500374', 14, 3, 1),
  (375, 'COMPLETED', '2025-08-25 15:30:00', 120, 'TRX-202500375', 15, 4, 2),
  (376, 'CANCELED', '2025-08-26 08:00:00', 60, 'TRX-202500376', 16, 21, 3),
  (377, 'CANCELED', '2025-08-26 11:00:00', 45, 'TRX-202500377', 17, 22, 1),
  (378, 'CANCELED', '2025-08-26 15:30:00', 90, 'TRX-202500378', 18, 23, 2),
  (379, 'CANCELED', '2025-08-27 08:00:00', 30, 'TRX-202500379', 19, 24, 3),
  (380, 'ACTIVE',   '2025-08-27 11:00:00', 120, NULL, 20, 25, NULL),
  (381, 'COMPLETED', '2025-08-27 15:30:00', 60, 'TRX-202500381', 2, 1, 1),
  (382, 'COMPLETED', '2025-08-28 08:00:00', 45, 'TRX-202500382', 6, 3, 2),
  (383, 'COMPLETED', '2025-08-28 11:00:00', 90, 'TRX-202500383', 7, 4, 3),
  (384, 'COMPLETED', '2025-08-28 15:30:00', 30, 'TRX-202500384', 8, 21, 1),
  (385, 'COMPLETED', '2025-08-29 08:00:00', 120, 'TRX-202500385', 9, 22, 2),
  (386, 'COMPLETED', '2025-08-29 11:00:00', 60, 'TRX-202500386', 10, 23, 3),
  (387, 'COMPLETED', '2025-08-29 15:30:00', 45, 'TRX-202500387', 11, 24, 1),
  (388, 'COMPLETED', '2025-08-30 08:00:00', 90, 'TRX-202500388', 12, 25, 2),
  (389, 'COMPLETED', '2025-08-30 11:00:00', 30, 'TRX-202500389', 13, 1, 3),
  (390, 'COMPLETED', '2025-08-30 15:30:00', 120, 'TRX-202500390', 14, 3, 1),
  (391, 'CANCELED', '2025-09-01 08:00:00', 60, 'TRX-202500391', 15, 4, 2),
  (392, 'CANCELED', '2025-09-01 11:00:00', 45, 'TRX-202500392', 16, 21, 3),
  (393, 'CANCELED', '2025-09-01 15:30:00', 90, 'TRX-202500393', 17, 22, 1),
  (394, 'CANCELED', '2025-09-02 08:00:00', 30, 'TRX-202500394', 18, 23, 2),
  (395, 'ACTIVE',   '2025-09-02 11:00:00', 120, NULL, 19, 24, NULL),
  (396, 'COMPLETED', '2025-09-02 15:30:00', 60, 'TRX-202500396', 20, 25, 3),
  (397, 'COMPLETED', '2025-09-03 08:00:00', 45, 'TRX-202500397', 2, 1, 1),
  (398, 'COMPLETED', '2025-09-03 11:00:00', 90, 'TRX-202500398', 6, 3, 2),
  (399, 'COMPLETED', '2025-09-03 15:30:00', 30, 'TRX-202500399', 7, 4, 3),
  (400, 'COMPLETED', '2025-09-04 08:00:00', 120, 'TRX-202500400', 8, 21, 1),
  (401, 'COMPLETED', '2025-09-04 11:00:00', 60, 'TRX-202500401', 9, 22, 2),
  (402, 'COMPLETED', '2025-09-04 15:30:00', 45, 'TRX-202500402', 10, 23, 3),
  (403, 'COMPLETED', '2025-09-05 08:00:00', 90, 'TRX-202500403', 11, 24, 1),
  (404, 'COMPLETED', '2025-09-05 11:00:00', 30, 'TRX-202500404', 12, 25, 2),
  (405, 'COMPLETED', '2025-09-05 15:30:00', 120, 'TRX-202500405', 13, 1, 3),
  (406, 'CANCELED', '2025-09-06 08:00:00', 60, 'TRX-202500406', 14, 3, 1),
  (407, 'CANCELED', '2025-09-06 11:00:00', 45, 'TRX-202500407', 15, 4, 2),
  (408, 'CANCELED', '2025-09-06 15:30:00', 90, 'TRX-202500408', 16, 21, 3),
  (409, 'CANCELED', '2025-09-08 08:00:00', 30, 'TRX-202500409', 17, 22, 1),
  (410, 'ACTIVE',   '2025-09-08 11:00:00', 120, NULL, 18, 23, NULL),
  (411, 'COMPLETED', '2025-09-08 15:30:00', 60, 'TRX-202500411', 19, 24, 2),
  (412, 'COMPLETED', '2025-09-09 08:00:00', 45, 'TRX-202500412', 20, 25, 3),
  (413, 'COMPLETED', '2025-09-09 11:00:00', 90, 'TRX-202500413', 2, 1, 1),
  (414, 'COMPLETED', '2025-09-09 15:30:00', 30, 'TRX-202500414', 6, 3, 2),
  (415, 'COMPLETED', '2025-09-10 08:00:00', 120, 'TRX-202500415', 7, 4, 3),
  (416, 'COMPLETED', '2025-09-10 11:00:00', 60, 'TRX-202500416', 8, 21, 1),
  (417, 'COMPLETED', '2025-09-10 15:30:00', 45, 'TRX-202500417', 9, 22, 2),
  (418, 'COMPLETED', '2025-09-11 08:00:00', 90, 'TRX-202500418', 10, 23, 3),
  (419, 'COMPLETED', '2025-09-11 11:00:00', 30, 'TRX-202500419', 11, 24, 1),
  (420, 'COMPLETED', '2025-09-11 15:30:00', 120, 'TRX-202500420', 12, 25, 2),
  (421, 'CANCELED', '2025-09-12 08:00:00', 60, 'TRX-202500421', 13, 1, 3),
  (422, 'CANCELED', '2025-09-12 11:00:00', 45, 'TRX-202500422', 14, 3, 1),
  (423, 'CANCELED', '2025-09-12 15:30:00', 90, 'TRX-202500423', 15, 4, 2),
  (424, 'CANCELED', '2025-09-13 08:00:00', 30, 'TRX-202500424', 16, 21, 3),
  (425, 'ACTIVE',   '2025-09-13 11:00:00', 120, NULL, 17, 22, NULL),
  (426, 'COMPLETED', '2025-09-13 15:30:00', 60, 'TRX-202500426', 18, 23, 1),
  (427, 'COMPLETED', '2025-09-15 08:00:00', 45, 'TRX-202500427', 19, 24, 2),
  (428, 'COMPLETED', '2025-09-15 11:00:00', 90, 'TRX-202500428', 20, 25, 3),
  (429, 'COMPLETED', '2025-09-15 15:30:00', 30, 'TRX-202500429', 2, 1, 1),
  (430, 'COMPLETED', '2025-09-16 08:00:00', 120, 'TRX-202500430', 6, 3, 2),
  (431, 'COMPLETED', '2025-09-16 11:00:00', 60, 'TRX-202500431', 7, 4, 3),
  (432, 'COMPLETED', '2025-09-16 15:30:00', 45, 'TRX-202500432', 8, 21, 1),
  (433, 'COMPLETED', '2025-09-17 08:00:00', 90, 'TRX-202500433', 9, 22, 2),
  (434, 'COMPLETED', '2025-09-17 11:00:00', 30, 'TRX-202500434', 10, 23, 3),
  (435, 'COMPLETED', '2025-09-17 15:30:00', 120, 'TRX-202500435', 11, 24, 1),
  (436, 'CANCELED', '2025-09-18 08:00:00', 60, 'TRX-202500436', 12, 25, 2),
  (437, 'CANCELED', '2025-09-18 11:00:00', 45, 'TRX-202500437', 13, 1, 3),
  (438, 'CANCELED', '2025-09-18 15:30:00', 90, 'TRX-202500438', 14, 3, 1),
  (439, 'CANCELED', '2025-09-19 08:00:00', 30, 'TRX-202500439', 15, 4, 2),
  (440, 'ACTIVE',   '2025-09-19 11:00:00', 120, NULL, 16, 21, NULL),
  (441, 'COMPLETED', '2025-09-19 15:30:00', 60, 'TRX-202500441', 17, 22, 3),
  (442, 'COMPLETED', '2025-09-20 08:00:00', 45, 'TRX-202500442', 18, 23, 1),
  (443, 'COMPLETED', '2025-09-20 11:00:00', 90, 'TRX-202500443', 19, 24, 2),
  (444, 'COMPLETED', '2025-09-20 15:30:00', 30, 'TRX-202500444', 20, 25, 3),
  (445, 'COMPLETED', '2025-09-22 08:00:00', 120, 'TRX-202500445', 2, 1, 1),
  (446, 'COMPLETED', '2025-09-22 11:00:00', 60, 'TRX-202500446', 6, 3, 2),
  (447, 'COMPLETED', '2025-09-22 15:30:00', 45, 'TRX-202500447', 7, 4, 3),
  (448, 'COMPLETED', '2025-09-23 08:00:00', 90, 'TRX-202500448', 8, 21, 1),
  (449, 'COMPLETED', '2025-09-23 11:00:00', 30, 'TRX-202500449', 9, 22, 2),
  (450, 'COMPLETED', '2025-09-23 15:30:00', 120, 'TRX-202500450', 10, 23, 3),
  (451, 'CANCELED', '2025-09-24 08:00:00', 60, 'TRX-202500451', 11, 24, 1),
  (452, 'CANCELED', '2025-09-24 11:00:00', 45, 'TRX-202500452', 12, 25, 2),
  (453, 'CANCELED', '2025-09-24 15:30:00', 90, 'TRX-202500453', 13, 1, 3),
  (454, 'CANCELED', '2025-09-25 08:00:00', 30, 'TRX-202500454', 14, 3, 1),
  (455, 'ACTIVE',   '2025-09-25 11:00:00', 120, NULL, 15, 4, NULL),
  (456, 'COMPLETED', '2025-09-25 15:30:00', 60, 'TRX-202500456', 16, 21, 2),
  (457, 'COMPLETED', '2025-09-26 08:00:00', 45, 'TRX-202500457', 17, 22, 3),
  (458, 'COMPLETED', '2025-09-26 11:00:00', 90, 'TRX-202500458', 18, 23, 1),
  (459, 'COMPLETED', '2025-09-26 15:30:00', 30, 'TRX-202500459', 19, 24, 2),
  (460, 'COMPLETED', '2025-09-27 08:00:00', 120, 'TRX-202500460', 20, 25, 3),
  (461, 'COMPLETED', '2025-09-27 11:00:00', 60, 'TRX-202500461', 2, 1, 1),
  (462, 'COMPLETED', '2025-09-27 15:30:00', 45, 'TRX-202500462', 6, 3, 2),
  (463, 'COMPLETED', '2025-09-29 08:00:00', 90, 'TRX-202500463', 7, 4, 3),
  (464, 'COMPLETED', '2025-09-29 11:00:00', 30, 'TRX-202500464', 8, 21, 1),
  (465, 'COMPLETED', '2025-09-29 15:30:00', 120, 'TRX-202500465', 9, 22, 2),
  (466, 'CANCELED', '2025-09-30 08:00:00', 60, 'TRX-202500466', 10, 23, 3),
  (467, 'CANCELED', '2025-09-30 11:00:00', 45, 'TRX-202500467', 11, 24, 1),
  (468, 'CANCELED', '2025-09-30 15:30:00', 90, 'TRX-202500468', 12, 25, 2),
  (469, 'CANCELED', '2025-10-01 08:00:00', 30, 'TRX-202500469', 13, 1, 3),
  (470, 'ACTIVE',   '2025-10-01 11:00:00', 120, NULL, 14, 3, NULL),
  (471, 'COMPLETED', '2025-10-01 15:30:00', 60, 'TRX-202500471', 15, 4, 1),
  (472, 'COMPLETED', '2025-10-02 08:00:00', 45, 'TRX-202500472', 16, 21, 2),
  (473, 'COMPLETED', '2025-10-02 11:00:00', 90, 'TRX-202500473', 17, 22, 3),
  (474, 'COMPLETED', '2025-10-02 15:30:00', 30, 'TRX-202500474', 18, 23, 1),
  (475, 'COMPLETED', '2025-10-03 08:00:00', 120, 'TRX-202500475', 19, 24, 2),
  (476, 'COMPLETED', '2025-10-03 11:00:00', 60, 'TRX-202500476', 20, 25, 3),
  (477, 'COMPLETED', '2025-10-03 15:30:00', 45, 'TRX-202500477', 2, 1, 1),
  (478, 'CANCELED', '2025-10-04 08:00:00', 90, 'TRX-202500478', 6, 3, 2),
  (479, 'CANCELED', '2025-10-04 11:00:00', 30, 'TRX-202500479', 7, 4, 3),
  (480, 'CANCELED', '2025-10-04 15:30:00', 120, 'TRX-202500480', 8, 21, 1),
  (481, 'CANCELED', '2025-10-06 08:00:00', 60, 'TRX-202500481', 9, 22, 2),
  (482, 'ACTIVE',   '2025-10-06 11:00:00', 45, NULL, 10, 23, NULL),
  (483, 'COMPLETED', '2025-10-06 15:30:00', 90, 'TRX-202500483', 11, 24, 3),
  (484, 'COMPLETED', '2025-10-07 08:00:00', 30, 'TRX-202500484', 12, 25, 1),
  (485, 'COMPLETED', '2025-10-07 11:00:00', 120, 'TRX-202500485', 13, 1, 2),
  (486, 'COMPLETED', '2025-10-07 15:30:00', 60, 'TRX-202500486', 14, 3, 3),
  (487, 'COMPLETED', '2025-10-08 08:00:00', 45, 'TRX-202500487', 15, 4, 1),
  (488, 'COMPLETED', '2025-10-08 11:00:00', 90, 'TRX-202500488', 16, 21, 2),
  (489, 'COMPLETED', '2025-10-08 15:30:00', 30, 'TRX-202500489', 17, 22, 3),
  (490, 'CANCELED', '2025-10-09 08:00:00', 120, 'TRX-202500490', 18, 23, 1),
  (491, 'CANCELED', '2025-10-09 11:00:00', 60, 'TRX-202500491', 19, 24, 2),
  (492, 'CANCELED', '2025-10-09 15:30:00', 45, 'TRX-202500492', 20, 25, 3),
  (493, 'CANCELED', '2025-10-10 08:00:00', 90, 'TRX-202500493', 2, 1, 1),
  (494, 'ACTIVE',   '2025-10-10 11:00:00', 30, NULL, 6, 3, NULL),
  (495, 'COMPLETED', '2025-10-10 15:30:00', 120, 'TRX-202500495', 7, 4, 2),
  (496, 'COMPLETED', '2025-10-11 08:00:00', 60, 'TRX-202500496', 8, 21, 3),
  (497, 'COMPLETED', '2025-10-11 11:00:00', 45, 'TRX-202500497', 9, 22, 1),
  (498, 'COMPLETED', '2025-10-11 15:30:00', 90, 'TRX-202500498', 10, 23, 2),
  (499, 'COMPLETED', '2025-10-13 08:00:00', 30, 'TRX-202500499', 11, 24, 3),
  (500, 'ACTIVE',   '2025-10-13 11:00:00', 120, NULL, 12, 25, NULL),
  (501, 'COMPLETED', '2025-10-14 08:00:00', 60, 'TRX-202500501', 2, 1, 1),
  (502, 'COMPLETED', '2025-10-14 11:00:00', 30, 'TRX-202500502', 6, 3, 2),
  (503, 'COMPLETED', '2025-10-14 15:30:00', 90, 'TRX-202500503', 7, 4, 3),
  (504, 'COMPLETED', '2025-10-15 08:00:00', 45, 'TRX-202500504', 8, 21, 1),
  (505, 'COMPLETED', '2025-10-15 11:00:00', 120, 'TRX-202500505', 9, 22, 2),
  (506, 'COMPLETED', '2025-10-15 15:30:00', 60, 'TRX-202500506', 10, 23, 3),
  (507, 'COMPLETED', '2025-10-16 08:00:00', 30, 'TRX-202500507', 11, 24, 1),
  (508, 'COMPLETED', '2025-10-16 11:00:00', 90, 'TRX-202500508', 12, 25, 2),
  (509, 'COMPLETED', '2025-10-16 15:30:00', 45, 'TRX-202500509', 13, 1, 3),
  (510, 'COMPLETED', '2025-10-17 08:00:00', 120, 'TRX-202500510', 14, 3, 1),
  (511, 'COMPLETED', '2025-10-17 11:00:00', 60, 'TRX-202500511', 15, 4, 2),
  (512, 'COMPLETED', '2025-10-17 15:30:00', 30, 'TRX-202500512', 16, 21, 3),
  (513, 'COMPLETED', '2025-10-18 08:00:00', 90, 'TRX-202500513', 17, 22, 1),
  (514, 'COMPLETED', '2025-10-18 11:00:00', 45, 'TRX-202500514', 18, 23, 2),
  (515, 'COMPLETED', '2025-10-18 15:30:00', 120, 'TRX-202500515', 19, 24, 3),
  (516, 'COMPLETED', '2025-10-20 08:00:00', 60, 'TRX-202500516', 20, 25, 1),
  (517, 'COMPLETED', '2025-10-20 11:00:00', 30, 'TRX-202500517', 2, 1, 2),
  (518, 'COMPLETED', '2025-10-20 15:30:00', 90, 'TRX-202500518', 6, 3, 3),
  (519, 'COMPLETED', '2025-10-21 08:00:00', 45, 'TRX-202500519', 7, 4, 1),
  (520, 'COMPLETED', '2025-10-21 11:00:00', 120, 'TRX-202500520', 8, 21, 2),
  (521, 'COMPLETED', '2025-10-21 15:30:00', 60, 'TRX-202500521', 9, 22, 3),
  (522, 'COMPLETED', '2025-10-22 08:00:00', 30, 'TRX-202500522', 10, 23, 1),
  (523, 'COMPLETED', '2025-10-22 11:00:00', 90, 'TRX-202500523', 11, 24, 2),
  (524, 'COMPLETED', '2025-10-22 15:30:00', 45, 'TRX-202500524', 12, 25, 3),
  (525, 'COMPLETED', '2025-10-23 08:00:00', 120, 'TRX-202500525', 13, 1, 1),
  (526, 'COMPLETED', '2025-10-23 11:00:00', 60, 'TRX-202500526', 14, 3, 2),
  (527, 'COMPLETED', '2025-10-23 15:30:00', 30, 'TRX-202500527', 15, 4, 3),
  (528, 'COMPLETED', '2025-10-24 08:00:00', 90, 'TRX-202500528', 16, 21, 1),
  (529, 'COMPLETED', '2025-10-24 11:00:00', 45, 'TRX-202500529', 17, 22, 2),
  (530, 'COMPLETED', '2025-10-24 15:30:00', 120, 'TRX-202500530', 18, 23, 3),
  (531, 'COMPLETED', '2025-10-25 08:00:00', 60, 'TRX-202500531', 19, 24, 1),
  (532, 'COMPLETED', '2025-10-25 11:00:00', 30, 'TRX-202500532', 20, 25, 2),
  (533, 'COMPLETED', '2025-10-25 15:30:00', 90, 'TRX-202500533', 2, 1, 3),
  (534, 'COMPLETED', '2025-10-27 08:00:00', 45, 'TRX-202500534', 6, 3, 1),
  (535, 'COMPLETED', '2025-10-27 11:00:00', 120, 'TRX-202500535', 7, 4, 2),
  (536, 'COMPLETED', '2025-10-27 15:30:00', 60, 'TRX-202500536', 8, 21, 3),
  (537, 'COMPLETED', '2025-10-28 08:00:00', 30, 'TRX-202500537', 9, 22, 1),
  (538, 'COMPLETED', '2025-10-28 11:00:00', 90, 'TRX-202500538', 10, 23, 2),
  (539, 'COMPLETED', '2025-10-28 15:30:00', 45, 'TRX-202500539', 11, 24, 3),
  (540, 'COMPLETED', '2025-10-29 08:00:00', 120, 'TRX-202500540', 12, 25, 1),
  (541, 'COMPLETED', '2025-10-29 11:00:00', 60, 'TRX-202500541', 13, 1, 2),
  (542, 'COMPLETED', '2025-10-29 15:30:00', 30, 'TRX-202500542', 14, 3, 3),
  (543, 'COMPLETED', '2025-10-30 08:00:00', 90, 'TRX-202500543', 15, 4, 1),
  (544, 'COMPLETED', '2025-10-30 11:00:00', 45, 'TRX-202500544', 16, 21, 2),
  (545, 'COMPLETED', '2025-10-30 15:30:00', 120, 'TRX-202500545', 17, 22, 3),
  (546, 'COMPLETED', '2025-10-31 08:00:00', 60, 'TRX-202500546', 18, 23, 1),
  (547, 'COMPLETED', '2025-10-31 11:00:00', 30, 'TRX-202500547', 19, 24, 2),
  (548, 'COMPLETED', '2025-10-31 15:30:00', 90, 'TRX-202500548', 20, 25, 3),
  (549, 'COMPLETED', '2025-11-01 08:00:00', 45, 'TRX-202500549', 2, 1, 1),
  (550, 'COMPLETED', '2025-11-01 11:00:00', 120, 'TRX-202500550', 6, 3, 2),
  (551, 'COMPLETED', '2025-11-01 15:30:00', 60, 'TRX-202500551', 7, 4, 3),
  (552, 'COMPLETED', '2025-11-03 08:00:00', 30, 'TRX-202500552', 8, 21, 1),
  (553, 'COMPLETED', '2025-11-03 11:00:00', 90, 'TRX-202500553', 9, 22, 2),
  (554, 'COMPLETED', '2025-11-03 15:30:00', 45, 'TRX-202500554', 10, 23, 3),
  (555, 'COMPLETED', '2025-11-04 08:00:00', 120, 'TRX-202500555', 11, 24, 1),
  (556, 'COMPLETED', '2025-11-04 11:00:00', 60, 'TRX-202500556', 12, 25, 2),
  (557, 'COMPLETED', '2025-11-04 15:30:00', 30, 'TRX-202500557', 13, 1, 3),
  (558, 'COMPLETED', '2025-11-05 08:00:00', 90, 'TRX-202500558', 14, 3, 1),
  (559, 'COMPLETED', '2025-11-05 11:00:00', 45, 'TRX-202500559', 15, 4, 2),
  (560, 'COMPLETED', '2025-11-05 15:30:00', 120, 'TRX-202500560', 16, 21, 3),
  (561, 'COMPLETED', '2025-11-06 08:00:00', 60, 'TRX-202500561', 17, 22, 1),
  (562, 'COMPLETED', '2025-11-06 11:00:00', 30, 'TRX-202500562', 18, 23, 2),
  (563, 'COMPLETED', '2025-11-06 15:30:00', 90, 'TRX-202500563', 19, 24, 3),
  (564, 'COMPLETED', '2025-11-07 08:00:00', 45, 'TRX-202500564', 20, 25, 1),
  (565, 'COMPLETED', '2025-11-07 11:00:00', 120, 'TRX-202500565', 2, 1, 2),
  (566, 'COMPLETED', '2025-11-07 15:30:00', 60, 'TRX-202500566', 6, 3, 3),
  (567, 'COMPLETED', '2025-11-08 08:00:00', 30, 'TRX-202500567', 7, 4, 1),
  (568, 'COMPLETED', '2025-11-08 11:00:00', 90, 'TRX-202500568', 8, 21, 2),
  (569, 'COMPLETED', '2025-11-08 15:30:00', 45, 'TRX-202500569', 9, 22, 3),
  (570, 'COMPLETED', '2025-11-10 08:00:00', 120, 'TRX-202500570', 10, 23, 1),
  (571, 'COMPLETED', '2025-11-10 11:00:00', 60, 'TRX-202500571', 11, 24, 2),
  (572, 'COMPLETED', '2025-11-10 15:30:00', 30, 'TRX-202500572', 12, 25, 3),
  (573, 'COMPLETED', '2025-11-11 08:00:00', 90, 'TRX-202500573', 13, 1, 1),
  (574, 'COMPLETED', '2025-11-11 11:00:00', 45, 'TRX-202500574', 14, 3, 2),
  (575, 'COMPLETED', '2025-11-11 15:30:00', 120, 'TRX-202500575', 15, 4, 3),
  (576, 'COMPLETED', '2025-11-12 08:00:00', 60, 'TRX-202500576', 16, 21, 1),
  (577, 'COMPLETED', '2025-11-12 11:00:00', 30, 'TRX-202500577', 17, 22, 2),
  (578, 'COMPLETED', '2025-11-12 15:30:00', 90, 'TRX-202500578', 18, 23, 3),
  (579, 'COMPLETED', '2025-11-13 08:00:00', 45, 'TRX-202500579', 19, 24, 1),
  (580, 'COMPLETED', '2025-11-13 11:00:00', 120, 'TRX-202500580', 20, 25, 2),
  (581, 'COMPLETED', '2025-11-13 15:30:00', 60, 'TRX-202500581', 2, 1, 3),
  (582, 'COMPLETED', '2025-11-14 08:00:00', 30, 'TRX-202500582', 6, 3, 1),
  (583, 'COMPLETED', '2025-11-14 11:00:00', 90, 'TRX-202500583', 7, 4, 2),
  (584, 'COMPLETED', '2025-11-14 15:30:00', 45, 'TRX-202500584', 8, 21, 3),
  (585, 'COMPLETED', '2025-11-15 08:00:00', 120, 'TRX-202500585', 9, 22, 1),
  (586, 'COMPLETED', '2025-11-15 11:00:00', 60, 'TRX-202500586', 10, 23, 2),
  (587, 'COMPLETED', '2025-11-15 15:30:00', 30, 'TRX-202500587', 11, 24, 3),
  (588, 'COMPLETED', '2025-11-17 08:00:00', 90, 'TRX-202500588', 12, 25, 1),
  (589, 'COMPLETED', '2025-11-17 11:00:00', 45, 'TRX-202500589', 13, 1, 2),
  (590, 'COMPLETED', '2025-11-17 15:30:00', 120, 'TRX-202500590', 14, 3, 3),
  (591, 'CANCELED', '2025-11-18 08:00:00', 60, 'TRX-202500591', 15, 4, 1),
  (592, 'CANCELED', '2025-11-18 11:00:00', 30, 'TRX-202500592', 16, 21, 2),
  (593, 'CANCELED', '2025-11-18 15:30:00', 90, 'TRX-202500593', 17, 22, 3),
  (594, 'CANCELED', '2025-11-19 08:00:00', 45, 'TRX-202500594', 18, 23, 1),
  (595, 'CANCELED', '2025-11-19 11:00:00', 120, 'TRX-202500595', 19, 24, 2),
  (596, 'CANCELED', '2025-11-19 15:30:00', 60, 'TRX-202500596', 20, 25, 3),
  (597, 'CANCELED', '2025-11-20 08:00:00', 30, 'TRX-202500597', 2, 1, 1),
  (598, 'CANCELED', '2025-11-20 11:00:00', 90, 'TRX-202500598', 6, 3, 2),
  (599, 'CANCELED', '2025-11-20 15:30:00', 45, 'TRX-202500599', 7, 4, 3),
  (600, 'ACTIVE', '2025-11-21 08:00:00', 120, NULL, 8, 21, NULL);

INSERT INTO `schedule_item` (
  `id`,
  `final_price`,
  `discount`,
  `fk_schedule`,
  `fk_service`
) VALUES
  (1, 80.00, 0.00, 1, 1),
  (2, 120.00, 0.00, 2, 2),
  (3, 40.00, 0.00, 3, 3),
  (4, 50.00, 0.00, 4, 4),
  (5, 80.00, 0.00, 5, 5),
  (6, 80.00, 0.00, 6, 1),
  (7, 120.00, 0.00, 7, 2),
  (8, 40.00, 0.00, 8, 3),
  (9, 50.00, 0.00, 9, 4),
  (10, 80.00, 0.00, 10, 5),
  (11, 80.00, 0.00, 11, 1),
  (12, 120.00, 0.00, 12, 2),
  (13, 40.00, 0.00, 13, 3),
  (14, 50.00, 0.00, 14, 4),
  (15, 70.00, 10.00, 15, 5),
  (16, 80.00, 0.00, 16, 1),
  (17, 120.00, 0.00, 17, 2),
  (18, 40.00, 0.00, 18, 3),
  (19, 50.00, 0.00, 19, 4),
  (20, 80.00, 0.00, 20, 5),
  (21, 80.00, 0.00, 21, 1),
  (22, 120.00, 0.00, 22, 2),
  (23, 40.00, 0.00, 23, 3),
  (24, 50.00, 0.00, 24, 4),
  (25, 80.00, 0.00, 25, 5),
  (26, 80.00, 0.00, 26, 1),
  (27, 120.00, 0.00, 27, 2),
  (28, 40.00, 0.00, 28, 3),
  (29, 50.00, 0.00, 29, 4),
  (30, 70.00, 10.00, 30, 5),
  (31, 80.00, 0.00, 31, 1),
  (32, 120.00, 0.00, 32, 2),
  (33, 40.00, 0.00, 33, 3),
  (34, 50.00, 0.00, 34, 4),
  (35, 80.00, 0.00, 35, 5),
  (36, 80.00, 0.00, 36, 1),
  (37, 120.00, 0.00, 37, 2),
  (38, 40.00, 0.00, 38, 3),
  (39, 50.00, 0.00, 39, 4),
  (40, 80.00, 0.00, 40, 5),
  (41, 80.00, 0.00, 41, 1),
  (42, 120.00, 0.00, 42, 2),
  (43, 40.00, 0.00, 43, 3),
  (44, 50.00, 0.00, 44, 4),
  (45, 70.00, 10.00, 45, 5),
  (46, 80.00, 0.00, 46, 1),
  (47, 120.00, 0.00, 47, 2),
  (48, 40.00, 0.00, 48, 3),
  (49, 50.00, 0.00, 49, 4),
  (50, 80.00, 0.00, 50, 5),
  (51, 80.00, 0.00, 51, 1),
  (52, 120.00, 0.00, 52, 2),
  (53, 40.00, 0.00, 53, 3),
  (54, 50.00, 0.00, 54, 4),
  (55, 80.00, 0.00, 55, 5),
  (56, 80.00, 0.00, 56, 1),
  (57, 120.00, 0.00, 57, 2),
  (58, 40.00, 0.00, 58, 3),
  (59, 50.00, 0.00, 59, 4),
  (60, 70.00, 10.00, 60, 5),
  (61, 80.00, 0.00, 61, 1),
  (62, 120.00, 0.00, 62, 2),
  (63, 40.00, 0.00, 63, 3),
  (64, 50.00, 0.00, 64, 4),
  (65, 80.00, 0.00, 65, 5),
  (66, 80.00, 0.00, 66, 1),
  (67, 120.00, 0.00, 67, 2),
  (68, 40.00, 0.00, 68, 3),
  (69, 50.00, 0.00, 69, 4),
  (70, 80.00, 0.00, 70, 5),
  (71, 80.00, 0.00, 71, 1),
  (72, 120.00, 0.00, 72, 2),
  (73, 40.00, 0.00, 73, 3),
  (74, 50.00, 0.00, 74, 4),
  (75, 70.00, 10.00, 75, 5),
  (76, 80.00, 0.00, 76, 1),
  (77, 120.00, 0.00, 77, 2),
  (78, 40.00, 0.00, 78, 3),
  (79, 50.00, 0.00, 79, 4),
  (80, 80.00, 0.00, 80, 5),
  (81, 80.00, 0.00, 81, 1),
  (82, 120.00, 0.00, 82, 2),
  (83, 40.00, 0.00, 83, 3),
  (84, 50.00, 0.00, 84, 4),
  (85, 80.00, 0.00, 85, 5),
  (86, 80.00, 0.00, 86, 1),
  (87, 120.00, 0.00, 87, 2),
  (88, 40.00, 0.00, 88, 3),
  (89, 50.00, 0.00, 89, 4),
  (90, 70.00, 10.00, 90, 5),
  (91, 80.00, 0.00, 91, 1),
  (92, 120.00, 0.00, 92, 2),
  (93, 40.00, 0.00, 93, 3),
  (94, 50.00, 0.00, 94, 4),
  (95, 80.00, 0.00, 95, 5),
  (96, 80.00, 0.00, 96, 1),
  (97, 120.00, 0.00, 97, 2),
  (98, 40.00, 0.00, 98, 3),
  (99, 50.00, 0.00, 99, 4),
  (100, 70.00, 10.00, 100, 5),
  (101, 80.00, 0.00, 101, 1),
  (102, 120.00, 0.00, 102, 2),
  (103, 40.00, 0.00, 103, 3),
  (104, 50.00, 0.00, 104, 4),
  (105, 80.00, 0.00, 105, 5),
  (106, 80.00, 0.00, 106, 1),
  (107, 120.00, 0.00, 107, 2),
  (108, 40.00, 0.00, 108, 3),
  (109, 50.00, 0.00, 109, 4),
  (110, 80.00, 0.00, 110, 5),
  (111, 80.00, 0.00, 111, 1),
  (112, 120.00, 0.00, 112, 2),
  (113, 40.00, 0.00, 113, 3),
  (114, 50.00, 0.00, 114, 4),
  (115, 70.00, 10.00, 115, 5),
  (116, 80.00, 0.00, 116, 1),
  (117, 120.00, 0.00, 117, 2),
  (118, 40.00, 0.00, 118, 3),
  (119, 50.00, 0.00, 119, 4),
  (120, 110.00, 10.00, 120, 2),
  (121, 80.00, 0.00, 121, 1),
  (122, 120.00, 0.00, 122, 2),
  (123, 40.00, 0.00, 123, 3),
  (124, 50.00, 0.00, 124, 4),
  (125, 80.00, 0.00, 125, 5),
  (126, 80.00, 0.00, 126, 1),
  (127, 120.00, 0.00, 127, 2),
  (128, 40.00, 0.00, 128, 3),
  (129, 50.00, 0.00, 129, 4),
  (130, 80.00, 0.00, 130, 5),
  (131, 80.00, 0.00, 131, 1),
  (132, 120.00, 0.00, 132, 2),
  (133, 40.00, 0.00, 133, 3),
  (134, 50.00, 0.00, 134, 4),
  (135, 70.00, 10.00, 135, 5),
  (136, 80.00, 0.00, 136, 1),
  (137, 120.00, 0.00, 137, 2),
  (138, 40.00, 0.00, 138, 3),
  (139, 50.00, 0.00, 139, 4),
  (140, 80.00, 0.00, 140, 5),
  (141, 80.00, 0.00, 141, 1),
  (142, 120.00, 0.00, 142, 2),
  (143, 40.00, 0.00, 143, 3),
  (144, 50.00, 0.00, 144, 4),
  (145, 80.00, 0.00, 145, 5),
  (146, 80.00, 0.00, 146, 1),
  (147, 120.00, 0.00, 147, 2),
  (148, 40.00, 0.00, 148, 3),
  (149, 50.00, 0.00, 149, 4),
  (150, 110.00, 10.00, 150, 2),
  (151, 80.00, 0.00, 151, 1),
  (152, 120.00, 0.00, 152, 2),
  (153, 40.00, 0.00, 153, 3),
  (154, 50.00, 0.00, 154, 4),
  (155, 80.00, 0.00, 155, 5),
  (156, 80.00, 0.00, 156, 1),
  (157, 120.00, 0.00, 157, 2),
  (158, 40.00, 0.00, 158, 3),
  (159, 50.00, 0.00, 159, 4),
  (160, 80.00, 0.00, 160, 5),
  (161, 80.00, 0.00, 161, 1),
  (162, 120.00, 0.00, 162, 2),
  (163, 40.00, 0.00, 163, 3),
  (164, 50.00, 0.00, 164, 4),
  (165, 70.00, 10.00, 165, 5),
  (166, 80.00, 0.00, 166, 1),
  (167, 120.00, 0.00, 167, 2),
  (168, 40.00, 0.00, 168, 3),
  (169, 50.00, 0.00, 169, 4),
  (170, 80.00, 0.00, 170, 5),
  (171, 80.00, 0.00, 171, 1),
  (172, 120.00, 0.00, 172, 2),
  (173, 40.00, 0.00, 173, 3),
  (174, 50.00, 0.00, 174, 4),
  (175, 80.00, 0.00, 175, 5),
  (176, 80.00, 0.00, 176, 1),
  (177, 120.00, 0.00, 177, 2),
  (178, 40.00, 0.00, 178, 3),
  (179, 50.00, 0.00, 179, 4),
  (180, 110.00, 10.00, 180, 2),
  (181, 80.00, 0.00, 181, 1),
  (182, 120.00, 0.00, 182, 2),
  (183, 40.00, 0.00, 183, 3),
  (184, 50.00, 0.00, 184, 4),
  (185, 80.00, 0.00, 185, 5),
  (186, 80.00, 0.00, 186, 1),
  (187, 120.00, 0.00, 187, 2),
  (188, 40.00, 0.00, 188, 3),
  (189, 50.00, 0.00, 189, 4),
  (190, 80.00, 0.00, 190, 5),
  (191, 80.00, 0.00, 191, 1),
  (192, 120.00, 0.00, 192, 2),
  (193, 40.00, 0.00, 193, 3),
  (194, 50.00, 0.00, 194, 4),
  (195, 70.00, 10.00, 195, 5),
  (196, 80.00, 0.00, 196, 1),
  (197, 120.00, 0.00, 197, 2),
  (198, 40.00, 0.00, 198, 3),
  (199, 50.00, 0.00, 199, 4),
  (200, 80.00, 0.00, 200, 5),
  (201, 80.00, 0.00, 201, 1),
  (202, 120.00, 0.00, 202, 2),
  (203, 40.00, 0.00, 203, 3),
  (204, 50.00, 0.00, 204, 4),
  (205, 80.00, 0.00, 205, 5),
  (206, 80.00, 0.00, 206, 1),
  (207, 120.00, 0.00, 207, 2),
  (208, 40.00, 0.00, 208, 3),
  (209, 50.00, 0.00, 209, 4),
  (210, 70.00, 10.00, 210, 5),
  (211, 80.00, 0.00, 211, 1),
  (212, 120.00, 0.00, 212, 2),
  (213, 40.00, 0.00, 213, 3),
  (214, 50.00, 0.00, 214, 4),
  (215, 80.00, 0.00, 215, 5),
  (216, 80.00, 0.00, 216, 1),
  (217, 120.00, 0.00, 217, 2),
  (218, 40.00, 0.00, 218, 3),
  (219, 50.00, 0.00, 219, 4),
  (220, 80.00, 0.00, 220, 5),
  (221, 80.00, 0.00, 221, 1),
  (222, 120.00, 0.00, 222, 2),
  (223, 40.00, 0.00, 223, 3),
  (224, 50.00, 0.00, 224, 4),
  (225, 80.00, 0.00, 225, 5),
  (226, 80.00, 0.00, 226, 1),
  (227, 120.00, 0.00, 227, 2),
  (228, 40.00, 0.00, 228, 3),
  (229, 50.00, 0.00, 229, 4),
  (230, 70.00, 10.00, 230, 5),
  (231, 80.00, 0.00, 231, 1),
  (232, 120.00, 0.00, 232, 2),
  (233, 40.00, 0.00, 233, 3),
  (234, 50.00, 0.00, 234, 4),
  (235, 80.00, 0.00, 235, 5),
  (236, 80.00, 0.00, 236, 1),
  (237, 120.00, 0.00, 237, 2),
  (238, 40.00, 0.00, 238, 3),
  (239, 50.00, 0.00, 239, 4),
  (240, 80.00, 0.00, 240, 5),
  (241, 80.00, 0.00, 241, 1),
  (242, 120.00, 0.00, 242, 2),
  (243, 40.00, 0.00, 243, 3),
  (244, 50.00, 0.00, 244, 4),
  (245, 80.00, 0.00, 245, 5),
  (246, 80.00, 0.00, 246, 1),
  (247, 120.00, 0.00, 247, 2),
  (248, 40.00, 0.00, 248, 3),
  (249, 50.00, 0.00, 249, 4),
  (250, 70.00, 10.00, 250, 5),
  (251, 80.00, 0.00, 251, 1),
  (252, 120.00, 0.00, 252, 2),
  (253, 40.00, 0.00, 253, 3),
  (254, 50.00, 0.00, 254, 4),
  (255, 80.00, 0.00, 255, 5),
  (256, 80.00, 0.00, 256, 1),
  (257, 120.00, 0.00, 257, 2),
  (258, 40.00, 0.00, 258, 3),
  (259, 50.00, 0.00, 259, 4),
  (260, 80.00, 0.00, 260, 5),
  (261, 80.00, 0.00, 261, 1),
  (262, 120.00, 0.00, 262, 2),
  (263, 40.00, 0.00, 263, 3),
  (264, 50.00, 0.00, 264, 4),
  (265, 80.00, 0.00, 265, 5),
  (266, 80.00, 0.00, 266, 1),
  (267, 120.00, 0.00, 267, 2),
  (268, 40.00, 0.00, 268, 3),
  (269, 50.00, 0.00, 269, 4),
  (270, 70.00, 10.00, 270, 5),
  (271, 80.00, 0.00, 271, 1),
  (272, 120.00, 0.00, 272, 2),
  (273, 40.00, 0.00, 273, 3),
  (274, 50.00, 0.00, 274, 4),
  (275, 80.00, 0.00, 275, 5),
  (276, 80.00, 0.00, 276, 1),
  (277, 120.00, 0.00, 277, 2),
  (278, 40.00, 0.00, 278, 3),
  (279, 50.00, 0.00, 279, 4),
  (280, 80.00, 0.00, 280, 5),
  (281, 80.00, 0.00, 281, 1),
  (282, 120.00, 0.00, 282, 2),
  (283, 40.00, 0.00, 283, 3),
  (284, 50.00, 0.00, 284, 4),
  (285, 80.00, 0.00, 285, 5),
  (286, 80.00, 0.00, 286, 1),
  (287, 120.00, 0.00, 287, 2),
  (288, 40.00, 0.00, 288, 3),
  (289, 50.00, 0.00, 289, 4),
  (290, 80.00, 0.00, 290, 5),
  (291, 80.00, 0.00, 291, 1),
  (292, 120.00, 0.00, 292, 2),
  (293, 40.00, 0.00, 293, 3),
  (294, 50.00, 0.00, 294, 4),
  (295, 80.00, 0.00, 295, 5),
  (296, 80.00, 0.00, 296, 1),
  (297, 120.00, 0.00, 297, 2),
  (298, 40.00, 0.00, 298, 3),
  (299, 50.00, 0.00, 299, 4),
  (300, 80.00, 0.00, 300, 5),
  (301, 80.00, 0.00, 301, 1),
  (302, 120.00, 0.00, 302, 2),
  (303, 40.00, 0.00, 303, 3),
  (304, 50.00, 0.00, 304, 4),
  (305, 80.00, 0.00, 305, 5),
  (306, 80.00, 0.00, 306, 1),
  (307, 120.00, 0.00, 307, 2),
  (308, 40.00, 0.00, 308, 3),
  (309, 50.00, 0.00, 309, 4),
  (310, 80.00, 0.00, 310, 5),
  (311, 80.00, 0.00, 311, 1),
  (312, 120.00, 0.00, 312, 2),
  (313, 40.00, 0.00, 313, 3),
  (314, 50.00, 0.00, 314, 4),
  (315, 80.00, 0.00, 315, 5),
  (316, 80.00, 0.00, 316, 1),
  (317, 120.00, 0.00, 317, 2),
  (318, 40.00, 0.00, 318, 3),
  (319, 50.00, 0.00, 319, 4),
  (320, 80.00, 0.00, 320, 5),
  (321, 80.00, 0.00, 321, 1),
  (322, 120.00, 0.00, 322, 2),
  (323, 40.00, 0.00, 323, 3),
  (324, 50.00, 0.00, 324, 4),
  (325, 80.00, 0.00, 325, 5),
  (326, 80.00, 0.00, 326, 1),
  (327, 120.00, 0.00, 327, 2),
  (328, 40.00, 0.00, 328, 3),
  (329, 50.00, 0.00, 329, 4),
  (330, 80.00, 0.00, 330, 5),
  (331, 80.00, 0.00, 331, 1),
  (332, 120.00, 0.00, 332, 2),
  (333, 40.00, 0.00, 333, 3),
  (334, 50.00, 0.00, 334, 4),
  (335, 80.00, 0.00, 335, 5),
  (336, 80.00, 0.00, 336, 1),
  (337, 120.00, 0.00, 337, 2),
  (338, 40.00, 0.00, 338, 3),
  (339, 50.00, 0.00, 339, 4),
  (340, 80.00, 0.00, 340, 5),
  (341, 80.00, 0.00, 341, 1),
  (342, 120.00, 0.00, 342, 2),
  (343, 40.00, 0.00, 343, 3),
  (344, 50.00, 0.00, 344, 4),
  (345, 80.00, 0.00, 345, 5),
  (346, 80.00, 0.00, 346, 1),
  (347, 120.00, 0.00, 347, 2),
  (348, 40.00, 0.00, 348, 3),
  (349, 50.00, 0.00, 349, 4),
  (350, 80.00, 0.00, 350, 5),
  (351, 80.00, 0.00, 351, 1),
  (352, 120.00, 0.00, 352, 2),
  (353, 40.00, 0.00, 353, 3),
  (354, 50.00, 0.00, 354, 4),
  (355, 80.00, 0.00, 355, 5),
  (356, 80.00, 0.00, 356, 1),
  (357, 120.00, 0.00, 357, 2),
  (358, 40.00, 0.00, 358, 3),
  (359, 50.00, 0.00, 359, 4),
  (360, 80.00, 0.00, 360, 5),
  (361, 80.00, 0.00, 361, 1),
  (362, 120.00, 0.00, 362, 2),
  (363, 40.00, 0.00, 363, 3),
  (364, 50.00, 0.00, 364, 4),
  (365, 80.00, 0.00, 365, 5),
  (366, 80.00, 0.00, 366, 1),
  (367, 120.00, 0.00, 367, 2),
  (368, 40.00, 0.00, 368, 3),
  (369, 50.00, 0.00, 369, 4),
  (370, 80.00, 0.00, 370, 5),
  (371, 80.00, 0.00, 371, 1),
  (372, 120.00, 0.00, 372, 2),
  (373, 40.00, 0.00, 373, 3),
  (374, 50.00, 0.00, 374, 4),
  (375, 80.00, 0.00, 375, 5),
  (376, 80.00, 0.00, 376, 1),
  (377, 120.00, 0.00, 377, 2),
  (378, 40.00, 0.00, 378, 3),
  (379, 50.00, 0.00, 379, 4),
  (380, 80.00, 0.00, 380, 5),
  (381, 80.00, 0.00, 381, 1),
  (382, 120.00, 0.00, 382, 2),
  (383, 40.00, 0.00, 383, 3),
  (384, 50.00, 0.00, 384, 4),
  (385, 80.00, 0.00, 385, 5),
  (386, 80.00, 0.00, 386, 1),
  (387, 120.00, 0.00, 387, 2),
  (388, 40.00, 0.00, 388, 3),
  (389, 50.00, 0.00, 389, 4),
  (390, 80.00, 0.00, 390, 5),
  (391, 80.00, 0.00, 391, 1),
  (392, 120.00, 0.00, 392, 2),
  (393, 40.00, 0.00, 393, 3),
  (394, 50.00, 0.00, 394, 4),
  (395, 80.00, 0.00, 395, 5),
  (396, 80.00, 0.00, 396, 1),
  (397, 120.00, 0.00, 397, 2),
  (398, 40.00, 0.00, 398, 3),
  (399, 50.00, 0.00, 399, 4),
  (400, 80.00, 0.00, 400, 5),
  (401, 80.00, 0.00, 401, 1),
  (402, 120.00, 0.00, 402, 2),
  (403, 40.00, 0.00, 403, 3),
  (404, 50.00, 0.00, 404, 4),
  (405, 80.00, 0.00, 405, 5),
  (406, 80.00, 0.00, 406, 1),
  (407, 120.00, 0.00, 407, 2),
  (408, 40.00, 0.00, 408, 3),
  (409, 50.00, 0.00, 409, 4),
  (410, 80.00, 0.00, 410, 5),
  (411, 80.00, 0.00, 411, 1),
  (412, 120.00, 0.00, 412, 2),
  (413, 40.00, 0.00, 413, 3),
  (414, 50.00, 0.00, 414, 4),
  (415, 80.00, 0.00, 415, 5),
  (416, 80.00, 0.00, 416, 1),
  (417, 120.00, 0.00, 417, 2),
  (418, 40.00, 0.00, 418, 3),
  (419, 50.00, 0.00, 419, 4),
  (420, 80.00, 0.00, 420, 5),
  (421, 80.00, 0.00, 421, 1),
  (422, 120.00, 0.00, 422, 2),
  (423, 40.00, 0.00, 423, 3),
  (424, 50.00, 0.00, 424, 4),
  (425, 80.00, 0.00, 425, 5),
  (426, 80.00, 0.00, 426, 1),
  (427, 120.00, 0.00, 427, 2),
  (428, 40.00, 0.00, 428, 3),
  (429, 50.00, 0.00, 429, 4),
  (430, 80.00, 0.00, 430, 5),
  (431, 80.00, 0.00, 431, 1),
  (432, 120.00, 0.00, 432, 2),
  (433, 40.00, 0.00, 433, 3),
  (434, 50.00, 0.00, 434, 4),
  (435, 80.00, 0.00, 435, 5),
  (436, 80.00, 0.00, 436, 1),
  (437, 120.00, 0.00, 437, 2),
  (438, 40.00, 0.00, 438, 3),
  (439, 50.00, 0.00, 439, 4),
  (440, 80.00, 0.00, 440, 5),
  (441, 80.00, 0.00, 441, 1),
  (442, 120.00, 0.00, 442, 2),
  (443, 40.00, 0.00, 443, 3),
  (444, 50.00, 0.00, 444, 4),
  (445, 80.00, 0.00, 445, 5),
  (446, 80.00, 0.00, 446, 1),
  (447, 120.00, 0.00, 447, 2),
  (448, 40.00, 0.00, 448, 3),
  (449, 50.00, 0.00, 449, 4),
  (450, 80.00, 0.00, 450, 5),
  (451, 80.00, 0.00, 451, 1),
  (452, 120.00, 0.00, 452, 2),
  (453, 40.00, 0.00, 453, 3),
  (454, 50.00, 0.00, 454, 4),
  (455, 80.00, 0.00, 455, 5),
  (456, 80.00, 0.00, 456, 1),
  (457, 120.00, 0.00, 457, 2),
  (458, 40.00, 0.00, 458, 3),
  (459, 50.00, 0.00, 459, 4),
  (460, 80.00, 0.00, 460, 5),
  (461, 80.00, 0.00, 461, 1),
  (462, 120.00, 0.00, 462, 2),
  (463, 40.00, 0.00, 463, 3),
  (464, 50.00, 0.00, 464, 4),
  (465, 80.00, 0.00, 465, 5),
  (466, 80.00, 0.00, 466, 1),
  (467, 120.00, 0.00, 467, 2),
  (468, 40.00, 0.00, 468, 3),
  (469, 50.00, 0.00, 469, 4),
  (470, 80.00, 0.00, 470, 5),
  (471, 80.00, 0.00, 471, 1),
  (472, 120.00, 0.00, 472, 2),
  (473, 40.00, 0.00, 473, 3),
  (474, 50.00, 0.00, 474, 4),
  (475, 80.00, 0.00, 475, 5),
  (476, 80.00, 0.00, 476, 1),
  (477, 120.00, 0.00, 477, 2),
  (478, 40.00, 0.00, 478, 3),
  (479, 50.00, 0.00, 479, 4),
  (480, 80.00, 0.00, 480, 5),
  (481, 80.00, 0.00, 481, 1),
  (482, 120.00, 0.00, 482, 2),
  (483, 40.00, 0.00, 483, 3),
  (484, 50.00, 0.00, 484, 4),
  (485, 80.00, 0.00, 485, 5),
  (486, 80.00, 0.00, 486, 1),
  (487, 120.00, 0.00, 487, 2),
  (488, 40.00, 0.00, 488, 3),
  (489, 50.00, 0.00, 489, 4),
  (490, 80.00, 0.00, 490, 5),
  (491, 80.00, 0.00, 491, 1),
  (492, 120.00, 0.00, 492, 2),
  (493, 40.00, 0.00, 493, 3),
  (494, 50.00, 0.00, 494, 4),
  (495, 80.00, 0.00, 495, 5),
  (496, 80.00, 0.00, 496, 1),
  (497, 120.00, 0.00, 497, 2),
  (498, 40.00, 0.00, 498, 3),
  (499, 50.00, 0.00, 499, 4),
  (500, 80.00, 0.00, 500, 5),
  (501, 80.00, 0.00, 501, 1),
  (502, 110.00, 10.00, 502, 2),
  (503, 40.00, 0.00, 503, 3),
  (504, 50.00, 0.00, 504, 4),
  (505, 70.00, 10.00, 505, 5),
  (506, 80.00, 0.00, 506, 1),
  (507, 120.00, 0.00, 507, 2),
  (508, 40.00, 0.00, 508, 3),
  (509, 50.00, 0.00, 509, 4),
  (510, 70.00, 10.00, 510, 5),
  (511, 80.00, 0.00, 511, 1),
  (512, 110.00, 10.00, 512, 2),
  (513, 40.00, 0.00, 513, 3),
  (514, 50.00, 0.00, 514, 4),
  (515, 70.00, 10.00, 515, 5),
  (516, 80.00, 0.00, 516, 1),
  (517, 120.00, 0.00, 517, 2),
  (518, 40.00, 0.00, 518, 3),
  (519, 50.00, 0.00, 519, 4),
  (520, 70.00, 10.00, 520, 5),
  (521, 80.00, 0.00, 521, 1),
  (522, 110.00, 10.00, 522, 2),
  (523, 40.00, 0.00, 523, 3),
  (524, 50.00, 0.00, 524, 4),
  (525, 70.00, 10.00, 525, 5),
  (526, 80.00, 0.00, 526, 1),
  (527, 120.00, 0.00, 527, 2),
  (528, 40.00, 0.00, 528, 3),
  (529, 50.00, 0.00, 529, 4),
  (530, 70.00, 10.00, 530, 5),
  (531, 80.00, 0.00, 531, 1),
  (532, 110.00, 10.00, 532, 2),
  (533, 40.00, 0.00, 533, 3),
  (534, 50.00, 0.00, 534, 4),
  (535, 70.00, 10.00, 535, 5),
  (536, 80.00, 0.00, 536, 1),
  (537, 120.00, 0.00, 537, 2),
  (538, 40.00, 0.00, 538, 3),
  (539, 50.00, 0.00, 539, 4),
  (540, 70.00, 10.00, 540, 5),
  (541, 80.00, 0.00, 541, 1),
  (542, 110.00, 10.00, 542, 2),
  (543, 40.00, 0.00, 543, 3),
  (544, 50.00, 0.00, 544, 4),
  (545, 70.00, 10.00, 545, 5),
  (546, 80.00, 0.00, 546, 1),
  (547, 120.00, 0.00, 547, 2),
  (548, 40.00, 0.00, 548, 3),
  (549, 50.00, 0.00, 549, 4),
  (550, 70.00, 10.00, 550, 5),
  (551, 80.00, 0.00, 551, 1),
  (552, 110.00, 10.00, 552, 2),
  (553, 40.00, 0.00, 553, 3),
  (554, 50.00, 0.00, 554, 4),
  (555, 70.00, 10.00, 555, 5),
  (556, 80.00, 0.00, 556, 1),
  (557, 120.00, 0.00, 557, 2),
  (558, 40.00, 0.00, 558, 3),
  (559, 50.00, 0.00, 559, 4),
  (560, 70.00, 10.00, 560, 5),
  (561, 80.00, 0.00, 561, 1),
  (562, 110.00, 10.00, 562, 2),
  (563, 40.00, 0.00, 563, 3),
  (564, 50.00, 0.00, 564, 4),
  (565, 70.00, 10.00, 565, 5),
  (566, 80.00, 0.00, 566, 1),
  (567, 120.00, 0.00, 567, 2),
  (568, 40.00, 0.00, 568, 3),
  (569, 50.00, 0.00, 569, 4),
  (570, 70.00, 10.00, 570, 5),
  (571, 80.00, 0.00, 571, 1),
  (572, 110.00, 10.00, 572, 2),
  (573, 40.00, 0.00, 573, 3),
  (574, 50.00, 0.00, 574, 4),
  (575, 70.00, 10.00, 575, 5),
  (576, 80.00, 0.00, 576, 1),
  (577, 120.00, 0.00, 577, 2),
  (578, 40.00, 0.00, 578, 3),
  (579, 50.00, 0.00, 579, 4),
  (580, 70.00, 10.00, 580, 5),
  (581, 80.00, 0.00, 581, 1),
  (582, 110.00, 10.00, 582, 2),
  (583, 40.00, 0.00, 583, 3),
  (584, 50.00, 0.00, 584, 4),
  (585, 70.00, 10.00, 585, 5),
  (586, 80.00, 0.00, 586, 1),
  (587, 120.00, 0.00, 587, 2),
  (588, 40.00, 0.00, 588, 3),
  (589, 50.00, 0.00, 589, 4),
  (590, 70.00, 10.00, 590, 5),
  (591, 80.00, 0.00, 591, 1),
  (592, 110.00, 10.00, 592, 2),
  (593, 40.00, 0.00, 593, 3),
  (594, 50.00, 0.00, 594, 4),
  (595, 70.00, 10.00, 595, 5),
  (596, 80.00, 0.00, 596, 1),
  (597, 120.00, 0.00, 597, 2),
  (598, 40.00, 0.00, 598, 3),
  (599, 50.00, 0.00, 599, 4),
  (600, 70.00, 10.00, 600, 5);